client_id,loan_type,loan_amount,repaid,loan_id,loan_start,loan_end,rate,loan_duration_days,rate_log,rate_log_normalized,loan_amount_normalized,rate_normalized,loan_duration_days_normalized
46109,home,13672,0,10243,2002-04-16,2003-12-20,2,613,1.0986122886681098,0.45815690999132624,0.9098667776852623,0.2,0.2248995983935743
46109,credit,9794,0,10984,2003-10-21,2005-07-17,1,635,0.6931471805599453,0.2890648263178878,0.6407854565639745,0.1,0.26907630522088355
46109,home,12734,1,10990,2006-02-01,2007-07-05,1,519,0.6931471805599453,0.2890648263178878,0.844782126006106,0.1,0.03614457831325301
46109,cash,12518,1,10596,2010-12-08,2013-05-05,1,879,0.6931471805599453,0.2890648263178878,0.8297946155981127,0.1,0.7590361445783133
46109,credit,14049,1,11415,2010-07-07,2012-05-21,3,684,1.3862943611198906,0.5781296526357756,0.9360255342769914,0.3,0.3674698795180723
46109,home,6935,0,11501,2006-09-17,2008-11-26,2,801,1.0986122886681098,0.45815690999132624,0.4424091035248404,0.2,0.6024096385542169
46109,cash,6177,1,11141,2007-03-12,2009-04-26,9,776,2.302585092994046,0.9602525677891275,0.38981404385234525,0.9,0.5522088353413654
46109,home,12656,0,11658,2006-05-26,2007-10-15,4,507,1.6094379124341003,0.6711877414712396,0.8393699694698862,0.4,0.012048192771084338
46109,home,11062,1,11611,2012-09-12,2014-03-14,5,548,1.791759469228055,0.7472217363092141,0.7287676935886761,0.5,0.09437751004016064
46109,other,4050,1,10828,2003-12-06,2005-08-19,4,622,1.6094379124341003,0.6711877414712396,0.24222869830696642,0.4,0.2429718875502008
46109,other,1618,0,11661,2006-08-28,2009-04-23,6,969,1.9459101490553132,0.8115075629572489,0.0734804329725229,0.6,0.9397590361445783
46109,home,8406,0,11259,2011-10-22,2013-06-11,0,598,0.0,0.0,0.5444768248681654,0.0,0.19477911646586346
46109,cash,9057,1,10856,2005-06-17,2007-03-01,1,622,0.6931471805599453,0.2890648263178878,0.5896475159589232,0.1,0.2429718875502008
46109,credit,3524,0,11867,2005-09-18,2007-08-27,6,708,1.9459101490553132,0.8115075629572489,0.20573133499861226,0.6,0.41566265060240964
46109,other,10853,0,11961,2013-11-26,2015-08-06,3,618,1.3862943611198906,0.5781296526357756,0.7142658895364974,0.3,0.23493975903614459
46109,credit,7339,1,10328,2001-09-24,2003-08-31,1,706,0.6931471805599453,0.2890648263178878,0.4704412989175687,0.1,0.41164658634538154
46109,credit,11953,1,11307,2013-05-15,2015-03-15,3,669,1.3862943611198906,0.5781296526357756,0.7905911740216486,0.3,0.3373493975903614
46109,other,10067,1,10422,2004-04-05,2006-10-13,3,921,1.3862943611198906,0.5781296526357756,0.6597280044407439,0.3,0.8433734939759037
46109,credit,12009,0,11424,2001-03-25,2003-10-04,1,923,0.6931471805599453,0.2890648263178878,0.7944768248681654,0.1,0.8473895582329317
46109,credit,559,1,10599,2008-02-15,2009-11-25,4,649,1.6094379124341003,0.6711877414712396,0.0,0.4,0.2971887550200803
49545,other,13010,1,11345,2009-12-13,2011-08-30,2,625,1.0986122886681098,0.45815690999132624,0.863932833749653,0.2,0.24899598393574296
49545,cash,3851,1,11033,2011-04-27,2014-01-07,1,986,0.6931471805599453,0.2890648263178878,0.22842076047737997,0.1,0.9738955823293173
49545,other,8419,1,11054,2006-10-24,2009-07-05,1,985,0.6931471805599453,0.2890648263178878,0.5453788509575354,0.1,0.9718875502008032
49545,home,11799,0,11030,2001-04-24,2003-11-08,7,928,2.0794415416798357,0.8671944789536634,0.7799056341937275,0.7,0.857429718875502
49545,cash,10422,1,10709,2008-11-04,2010-09-14,0,679,0.0,0.0,0.6843602553427699,0.0,0.357429718875502
49545,home,14971,1,11247,2011-07-26,2013-12-15,0,873,0.0,0.0,1.0,0.0,0.7469879518072289
49545,other,4131,0,10939,2008-10-13,2010-02-26,4,501,1.6094379124341003,0.6711877414712396,0.24784901470996393,0.4,0.0
49545,credit,4458,1,10192,2013-02-11,2014-09-11,4,577,1.6094379124341003,0.6711877414712396,0.27053844018873163,0.4,0.15261044176706828
49545,other,8172,1,11866,2002-02-06,2004-10-02,1,969,0.6931471805599453,0.2890648263178878,0.528240355259506,0.1,0.9397590361445783
49545,cash,14946,1,11043,2002-06-28,2004-03-17,6,628,1.9459101490553132,0.8115075629572489,0.9982653344435193,0.6,0.25502008032128515
49545,home,13618,1,10691,2001-11-17,2003-05-19,3,548,1.3862943611198906,0.5781296526357756,0.9061199000832639,0.3,0.09437751004016064
49545,home,7061,1,11514,2014-03-16,2015-12-30,4,654,1.6094379124341003,0.6711877414712396,0.4511518179295032,0.4,0.3072289156626506
49545,other,9580,0,11403,2001-07-28,2003-03-15,2,595,1.0986122886681098,0.45815690999132624,0.6259367194004996,0.2,0.18875502008032127
49545,other,11434,0,10864,2001-09-22,2004-05-26,3,977,1.3862943611198906,0.5781296526357756,0.7545795170691091,0.3,0.9558232931726908
49545,credit,10982,0,11573,2005-10-26,2007-06-30,5,612,1.791759469228055,0.7472217363092141,0.7232167638079379,0.5,0.22289156626506024
49545,credit,11597,0,11234,2001-09-16,2003-07-13,4,665,1.6094379124341003,0.6711877414712396,0.7658895364973634,0.4,0.3293172690763052
49545,other,14074,1,11215,2013-04-23,2014-11-16,1,572,0.6931471805599453,0.2890648263178878,0.9377601998334721,0.1,0.142570281124498
49545,home,10519,1,10425,2001-09-27,2004-03-04,1,889,0.6931471805599453,0.2890648263178878,0.6910907577019151,0.1,0.7791164658634538
49545,cash,14388,1,11914,2011-08-05,2013-05-17,4,651,1.6094379124341003,0.6711877414712396,0.9595475992228698,0.4,0.30120481927710846
49545,home,8354,1,10816,2000-03-08,2001-08-02,0,512,0.0,0.0,0.5408687205106856,0.0,0.02208835341365462
41480,home,3812,0,11861,2005-06-18,2007-10-19,1,853,0.6931471805599453,0.2890648263178878,0.22571468220927005,0.1,0.7068273092369478
41480,credit,2947,1,10302,2005-11-10,2008-03-16,10,857,2.3978952727983707,1.0,0.16569525395503748,1.0,0.714859437751004
41480,other,3332,0,10313,2012-09-28,2014-09-21,1,723,0.6931471805599453,0.2890648263178878,0.19240910352484042,0.1,0.4457831325301205
41480,cash,3952,0,10840,2008-12-24,2010-08-21,0,605,0.0,0.0,0.23542880932556204,0.0,0.20883534136546184
41480,home,14290,0,10888,2003-11-01,2006-04-29,4,910,1.6094379124341003,0.6711877414712396,0.9527477102414654,0.4,0.821285140562249
41480,cash,12581,1,11461,2009-10-29,2011-07-08,2,617,1.0986122886681098,0.45815690999132624,0.834165972800444,0.2,0.23293172690763053
41480,other,10967,1,11022,2013-12-28,2016-04-28,3,852,1.3862943611198906,0.5781296526357756,0.7221759644740494,0.3,0.7048192771084337
41480,credit,8624,1,11277,2011-11-09,2013-12-05,1,757,0.6931471805599453,0.2890648263178878,0.5596031085206772,0.1,0.5140562248995983
41480,home,14399,1,11328,2005-06-09,2007-11-16,1,890,0.6931471805599453,0.2890648263178878,0.9603108520677214,0.1,0.7811244979919679
41480,other,4922,1,10251,2005-09-19,2007-05-19,6,607,1.9459101490553132,0.8115075629572489,0.3027338329170136,0.6,0.21285140562248997
41480,cash,6903,0,11487,2006-01-16,2008-08-08,1,935,0.6931471805599453,0.2890648263178878,0.4401887316125451,0.1,0.8714859437751004
41480,other,4491,1,10511,2002-06-08,2004-08-09,3,793,1.3862943611198906,0.5781296526357756,0.2728281987232862,0.3,0.5863453815261044
41480,home,9766,0,10567,2008-06-03,2010-01-08,9,584,2.302585092994046,0.9602525677891275,0.638842631140716,0.9,0.16666666666666666
41480,credit,9302,0,11466,2000-07-06,2002-02-11,2,585,1.0986122886681098,0.45815690999132624,0.6066472384124341,0.2,0.1686746987951807
41480,home,921,1,10292,2000-05-22,2003-01-13,3,966,1.3862943611198906,0.5781296526357756,0.02511795725784069,0.3,0.9337349397590361
41480,home,11154,1,10991,2014-08-29,2016-06-11,6,652,1.9459101490553132,0.8115075629572489,0.7351512628365251,0.6,0.3032128514056225
41480,home,12934,0,11878,2006-11-11,2008-10-30,2,719,1.0986122886681098,0.45815690999132624,0.8586594504579517,0.2,0.43775100401606426
41480,cash,11016,1,11890,2008-10-29,2011-01-26,1,819,0.6931471805599453,0.2890648263178878,0.7255759089647515,0.1,0.6385542168674698
41480,home,10773,0,10755,2003-09-16,2005-08-14,7,698,2.0794415416798357,0.8671944789536634,0.708714959755759,0.7,0.39558232931726905
41480,credit,811,0,11430,2009-08-02,2012-01-04,0,885,0.0,0.0,0.017485428809325562,0.0,0.7710843373493976
46180,home,3022,0,11204,2003-11-22,2005-05-18,8,543,2.1972245773362196,0.9163138199826525,0.1708992506244796,0.8,0.08433734939759036
46180,credit,9282,1,10664,2008-03-03,2010-05-16,3,804,1.3862943611198906,0.5781296526357756,0.6052595059672495,0.3,0.608433734939759
46180,cash,14007,1,10416,2003-12-05,2005-05-14,4,526,1.6094379124341003,0.6711877414712396,0.9331112961421038,0.4,0.050200803212851405
46180,cash,5943,0,11317,2011-10-18,2013-11-03,7,747,2.0794415416798357,0.8671944789536634,0.3735775742436858,0.7,0.4939759036144578
46180,other,3834,0,10887,2014-05-03,2016-02-24,1,662,0.6931471805599453,0.2890648263178878,0.22724118789897307,0.1,0.3232931726907631
46180,other,7020,0,11553,2000-11-07,2003-04-13,4,887,1.6094379124341003,0.6711877414712396,0.44830696641687484,0.4,0.7751004016064257
46180,credit,9216,1,11837,2002-06-17,2004-11-14,3,881,1.3862943611198906,0.5781296526357756,0.6006799888981404,0.3,0.7630522088353414
46180,cash,6985,1,11555,2004-02-04,2005-10-10,1,614,0.6931471805599453,0.2890648263178878,0.44587843463780186,0.1,0.22690763052208834
46180,home,14081,0,11026,2013-11-02,2016-05-04,3,914,1.3862943611198906,0.5781296526357756,0.9382459061892867,0.3,0.8293172690763052
46180,other,8643,0,10379,2000-11-03,2003-03-31,1,878,0.6931471805599453,0.2890648263178878,0.5609214543436025,0.1,0.7570281124497992
46180,other,12325,1,11816,2014-03-11,2016-07-16,6,858,1.9459101490553132,0.8115075629572489,0.8164029975020816,0.6,0.7168674698795181
46180,other,11679,0,10810,2014-04-15,2016-07-27,2,834,1.0986122886681098,0.45815690999132624,0.7715792395226201,0.2,0.6686746987951807
46180,cash,2628,1,10038,2000-06-18,2002-04-06,3,657,1.3862943611198906,0.5781296526357756,0.1435609214543436,0.3,0.3132530120481928
46180,home,11761,1,11990,2005-11-13,2007-07-13,1,607,0.6931471805599453,0.2890648263178878,0.7772689425478768,0.1,0.21285140562248997
46180,other,6512,1,10687,2010-11-06,2012-05-10,9,551,2.302585092994046,0.9602525677891275,0.4130585623091868,0.9,0.10040160642570281
46180,cash,8320,0,10670,2005-08-24,2008-05-16,6,996,1.9459101490553132,0.8115075629572489,0.5385095753538718,0.6,0.9939759036144579
46180,home,1607,0,11112,2003-02-28,2005-05-01,2,793,1.0986122886681098,0.45815690999132624,0.07271718012767138,0.2,0.5863453815261044
46180,credit,5362,0,10237,2013-01-07,2014-05-23,2,501,1.0986122886681098,0.45815690999132624,0.3332639467110741,0.2,0.0
46180,credit,2569,1,11672,2013-03-02,2015-03-05,1,733,0.6931471805599453,0.2890648263178878,0.13946711074104912,0.1,0.46586345381526106
46180,credit,9221,1,10893,2002-07-20,2004-02-14,1,574,0.6931471805599453,0.2890648263178878,0.6010269220094365,0.1,0.1465863453815261
25707,other,12048,0,11987,2010-10-20,2013-02-04,0,838,0.0,0.0,0.7971829031362754,0.0,0.6767068273092369
25707,credit,11403,0,11649,2006-01-19,2007-09-15,5,604,1.791759469228055,0.7472217363092141,0.752428531779073,0.5,0.20682730923694778
25707,other,2477,1,10009,2009-05-25,2011-02-17,2,633,1.0986122886681098,0.45815690999132624,0.13308354149320012,0.2,0.26506024096385544
25707,home,2203,0,10363,2014-02-11,2015-08-20,7,555,2.0794415416798357,0.8671944789536634,0.11407160699417153,0.7,0.10843373493975904
25707,other,10422,0,11126,2013-01-27,2015-02-01,9,735,2.302585092994046,0.9602525677891275,0.6843602553427699,0.9,0.46987951807228917
25707,credit,5200,1,10205,2010-02-27,2012-07-08,6,862,1.9459101490553132,0.8115075629572489,0.3220233139050791,0.6,0.7248995983935743
25707,other,9942,1,10438,2009-03-26,2010-10-22,2,575,1.0986122886681098,0.45815690999132624,0.6510546766583403,0.2,0.14859437751004015
25707,credit,8267,0,10104,2010-08-02,2012-05-21,3,658,1.3862943611198906,0.5781296526357756,0.5348320843741327,0.3,0.3152610441767068
25707,cash,13913,0,11211,2011-11-24,2014-04-14,1,872,0.6931471805599453,0.2890648263178878,0.9265889536497364,0.1,0.7449799196787149
25707,cash,1212,1,10611,2010-08-17,2013-04-01,2,958,1.0986122886681098,0.45815690999132624,0.04530946433527616,0.2,0.9176706827309237
25707,home,4025,1,10660,2005-05-09,2007-08-26,1,839,0.6931471805599453,0.2890648263178878,0.2404940327504857,0.1,0.678714859437751
25707,credit,2735,0,11528,2006-01-20,2007-08-26,1,583,0.6931471805599453,0.2890648263178878,0.15098529003608105,0.1,0.1646586345381526
25707,cash,12623,1,11790,2004-09-15,2007-01-23,4,860,1.6094379124341003,0.6711877414712396,0.8370802109353317,0.4,0.7208835341365462
25707,credit,9905,1,11505,2004-05-12,2006-08-17,1,827,0.6931471805599453,0.2890648263178878,0.6484873716347488,0.1,0.6546184738955824
25707,home,5265,0,11884,2011-06-21,2013-03-18,4,636,1.6094379124341003,0.6711877414712396,0.32653344435192894,0.4,0.2710843373493976
25707,credit,10636,0,10562,2000-12-29,2003-05-24,5,876,1.791759469228055,0.7472217363092141,0.6992089925062448,0.5,0.7530120481927711
25707,other,11467,1,11499,2011-10-27,2014-01-09,5,805,1.791759469228055,0.7472217363092141,0.7568692756036636,0.5,0.6104417670682731
25707,cash,5467,0,10244,2006-12-28,2008-08-05,2,586,1.0986122886681098,0.45815690999132624,0.3405495420482931,0.2,0.1706827309236948
25707,home,13698,0,10958,2003-09-02,2006-05-23,3,994,1.3862943611198906,0.5781296526357756,0.9116708298640023,0.3,0.9899598393574297
25707,credit,6371,0,11942,2011-01-15,2013-02-21,6,768,1.9459101490553132,0.8115075629572489,0.40327504857063556,0.6,0.536144578313253
39505,home,13006,1,11390,2014-01-24,2015-11-05,5,650,1.791759469228055,0.7472217363092141,0.8636552872606161,0.5,0.2991967871485944
39505,cash,9600,0,10966,2014-06-27,2017-02-15,0,964,0.0,0.0,0.6273244518456842,0.0,0.929718875502008
39505,cash,4108,0,11411,2012-12-22,2015-01-17,8,756,2.1972245773362196,0.9163138199826525,0.24625312239800168,0.8,0.5120481927710844
39505,cash,11647,1,11928,2003-07-28,2005-12-24,10,880,2.3978952727983707,1.0,0.7693588676103247,1.0,0.7610441767068273
39505,other,14575,1,11650,2006-06-22,2008-09-04,1,805,0.6931471805599453,0.2890648263178878,0.9725228975853455,0.1,0.6104417670682731
39505,home,12596,0,10861,2006-04-26,2008-01-05,1,619,0.6931471805599453,0.2890648263178878,0.8352067721343325,0.1,0.23694779116465864
39505,home,2274,1,11140,2000-01-26,2002-01-29,1,734,0.6931471805599453,0.2890648263178878,0.11899805717457675,0.1,0.4678714859437751
39505,other,6484,1,10407,2011-02-14,2012-12-07,1,662,0.6931471805599453,0.2890648263178878,0.4111157368859284,0.1,0.3232931726907631
39505,cash,1918,0,11980,2005-05-23,2007-01-15,3,602,1.3862943611198906,0.5781296526357756,0.09429641965029142,0.3,0.20281124497991967
39505,home,2865,0,10692,2012-08-02,2014-07-14,4,711,1.6094379124341003,0.6711877414712396,0.16000555092978075,0.4,0.42168674698795183
39505,credit,4463,0,11852,2007-01-07,2008-10-03,2,635,1.0986122886681098,0.45815690999132624,0.27088537330002777,0.2,0.26907630522088355
39505,cash,3351,0,10763,2004-07-19,2006-04-14,1,634,0.6931471805599453,0.2890648263178878,0.19372744934776576,0.1,0.26706827309236947
39505,credit,10436,0,10509,2007-06-15,2009-03-02,1,626,0.6931471805599453,0.2890648263178878,0.6853316680543992,0.1,0.25100401606425704
39505,home,3875,1,10770,2004-07-20,2006-11-21,4,854,1.6094379124341003,0.6711877414712396,0.23008603941160144,0.4,0.7088353413654619
39505,credit,2778,1,10921,2012-10-23,2015-03-31,2,889,1.0986122886681098,0.45815690999132624,0.15396891479322786,0.2,0.7791164658634538
39505,credit,13115,0,11079,2007-01-25,2009-03-01,5,766,1.791759469228055,0.7472217363092141,0.8712184290868721,0.5,0.5321285140562249
39505,other,10333,0,11896,2004-03-04,2006-06-03,0,821,0.0,0.0,0.6781848459616986,0.0,0.642570281124498
39505,credit,904,0,10188,2013-12-11,2015-05-05,2,510,1.0986122886681098,0.45815690999132624,0.023938384679433804,0.2,0.018072289156626505
39505,cash,12991,1,10143,2004-08-28,2006-09-14,4,747,1.6094379124341003,0.6711877414712396,0.8626144879267277,0.4,0.4939759036144578
39505,credit,7162,1,11052,2004-07-29,2006-06-24,9,695,2.302585092994046,0.9602525677891275,0.4581598667776853,0.9,0.3895582329317269
32726,credit,9562,1,10045,2004-03-02,2005-08-29,4,545,1.6094379124341003,0.6711877414712396,0.6246877601998335,0.4,0.08835341365461848
32726,other,3576,1,11975,2009-08-15,2011-08-08,3,723,1.3862943611198906,0.5781296526357756,0.20933943935609214,0.3,0.4457831325301205
32726,other,11846,0,11695,2006-07-09,2008-08-28,3,781,1.3862943611198906,0.5781296526357756,0.7831668054399112,0.3,0.5622489959839357
32726,home,3540,0,10676,2004-01-06,2006-03-19,9,803,2.302585092994046,0.9602525677891275,0.2068415209547599,0.9,0.606425702811245
32726,credit,9141,0,11488,2003-05-21,2004-11-24,2,553,1.0986122886681098,0.45815690999132624,0.5954759922286983,0.2,0.10441767068273092
32726,home,2830,1,11304,2001-10-17,2003-07-28,0,649,0.0,0.0,0.15757701915070774,0.0,0.2971887550200803
32726,credit,11911,0,10383,2004-04-23,2006-04-29,4,736,1.6094379124341003,0.6711877414712396,0.787676935886761,0.4,0.4718875502008032
32726,other,5325,1,10858,2014-04-02,2016-10-30,3,942,1.3862943611198906,0.5781296526357756,0.33069664168748264,0.3,0.8855421686746988
32726,home,5036,0,11031,2009-03-27,2010-09-24,3,546,1.3862943611198906,0.5781296526357756,0.31064390785456564,0.3,0.09036144578313253
32726,cash,10671,1,11520,2002-03-02,2004-09-01,4,914,1.6094379124341003,0.6711877414712396,0.7016375242853178,0.4,0.8293172690763052
32726,other,2418,1,11338,2009-03-29,2011-10-28,1,943,0.6931471805599453,0.2890648263178878,0.12898973077990564,0.1,0.8875502008032129
32726,credit,14522,0,10202,2005-06-23,2007-07-01,4,738,1.6094379124341003,0.6711877414712396,0.9688454066056065,0.4,0.4759036144578313
32726,home,851,1,10326,2003-11-03,2005-07-03,1,608,0.6931471805599453,0.2890648263178878,0.0202608936996947,0.1,0.21485943775100402
32726,other,5804,0,10424,2011-04-21,2013-04-16,4,726,1.6094379124341003,0.6711877414712396,0.3639328337496531,0.4,0.45180722891566266
32726,other,1710,1,10522,2000-06-12,2002-05-08,0,695,0.0,0.0,0.07986400222037192,0.0,0.3895582329317269
32726,home,3754,1,10049,2012-01-27,2013-09-15,3,597,1.3862943611198906,0.5781296526357756,0.2216902581182348,0.3,0.1927710843373494
32726,other,1234,0,11537,2007-09-05,2009-09-01,5,727,1.791759469228055,0.7472217363092141,0.04683597002497918,0.5,0.4538152610441767
32726,credit,7499,1,10285,2012-10-07,2015-03-12,3,886,1.3862943611198906,0.5781296526357756,0.4815431584790452,0.3,0.7730923694779116
32726,cash,14802,1,10436,2011-11-16,2014-06-23,3,950,1.3862943611198906,0.5781296526357756,0.9882736608381903,0.3,0.9016064257028112
35089,other,773,1,11595,2014-09-26,2016-04-23,8,575,2.1972245773362196,0.9163138199826525,0.014848737163474882,0.8,0.14859437751004015
35089,home,9175,1,11547,2003-04-02,2005-04-21,5,750,1.791759469228055,0.7472217363092141,0.5978351373855121,0.5,0.5
35089,home,13194,1,11221,2009-05-28,2011-04-01,4,673,1.6094379124341003,0.6711877414712396,0.8766999722453511,0.4,0.3453815261044177
35089,home,1543,0,11484,2013-02-21,2015-03-04,3,741,1.3862943611198906,0.5781296526357756,0.06827643630308076,0.3,0.4819277108433735
35089,cash,10017,0,11561,2000-05-24,2002-06-15,2,752,1.0986122886681098,0.45815690999132624,0.6562586733277824,0.2,0.5040160642570282
35089,credit,8576,1,11283,2001-03-22,2002-12-15,6,633,1.9459101490553132,0.8115075629572489,0.5562725506522342,0.6,0.26506024096385544
35089,cash,5204,1,10087,2003-01-08,2004-10-28,3,659,1.3862943611198906,0.5781296526357756,0.32230086039411604,0.3,0.3172690763052209
35089,home,6263,1,10210,2011-12-01,2014-03-24,1,844,0.6931471805599453,0.2890648263178878,0.3957812933666389,0.1,0.6887550200803213
35089,cash,3703,0,11939,2005-07-23,2007-09-03,7,772,2.0794415416798357,0.8671944789536634,0.21815154038301415,0.7,0.5441767068273092
35089,other,2932,1,10107,2012-06-17,2014-08-13,4,787,1.6094379124341003,0.6711877414712396,0.16465445462114905,0.4,0.5742971887550201
35089,other,6048,1,10594,2012-06-17,2014-08-02,3,776,1.3862943611198906,0.5781296526357756,0.3808631695809048,0.3,0.5522088353413654
35089,home,10947,0,11793,2000-09-08,2003-01-14,1,858,0.6931471805599453,0.2890648263178878,0.7207882320288649,0.1,0.7168674698795181
35089,credit,4489,0,11244,2009-09-06,2012-01-13,2,859,1.0986122886681098,0.45815690999132624,0.2726894254787677,0.2,0.7188755020080321
35089,other,11854,0,11766,2012-05-22,2014-05-31,6,739,1.9459101490553132,0.8115075629572489,0.783721898417985,0.6,0.4779116465863454
35089,other,12888,1,11287,2006-10-06,2008-08-29,1,693,0.6931471805599453,0.2890648263178878,0.8554676658340272,0.1,0.3855421686746988
35089,cash,2568,1,11418,2006-01-04,2008-06-15,2,893,1.0986122886681098,0.45815690999132624,0.1393977241187899,0.2,0.7871485943775101
35089,credit,6336,1,10106,2003-04-10,2004-09-29,5,538,1.791759469228055,0.7472217363092141,0.4008465167915626,0.5,0.07429718875502007
35089,credit,6462,1,11759,2010-04-10,2012-06-24,1,806,0.6931471805599453,0.2890648263178878,0.40958923119622537,0.1,0.6124497991967871
35089,home,10080,0,10716,2002-04-25,2004-03-10,6,685,1.9459101490553132,0.8115075629572489,0.6606300305301138,0.6,0.36947791164658633
35089,credit,5732,0,11492,2006-03-04,2007-08-01,2,515,1.0986122886681098,0.45815690999132624,0.3589369969469886,0.2,0.028112449799196786
35214,cash,11873,1,10693,2011-06-27,2014-02-28,3,977,1.3862943611198906,0.5781296526357756,0.7850402442409103,0.3,0.9558232931726908
35214,other,14767,0,11539,2006-03-08,2007-12-24,2,656,1.0986122886681098,0.45815690999132624,0.9858451290591174,0.2,0.3112449799196787
35214,cash,13309,0,11023,2007-06-09,2009-11-21,3,896,1.3862943611198906,0.5781296526357756,0.8846794338051623,0.3,0.7931726907630522
35214,home,11356,0,10275,2012-05-02,2014-06-06,1,765,0.6931471805599453,0.2890648263178878,0.7491673605328892,0.1,0.5301204819277109
35214,home,5236,1,11587,2005-02-18,2006-08-31,1,559,0.6931471805599453,0.2890648263178878,0.32452123230641133,0.1,0.11646586345381527
35214,home,3743,0,11060,2000-04-21,2002-05-03,8,742,2.1972245773362196,0.9163138199826525,0.2209270052733833,0.8,0.4839357429718876
35214,credit,6352,0,11685,2003-04-03,2005-06-25,2,814,1.0986122886681098,0.45815690999132624,0.4019567027477102,0.2,0.6285140562248996
35214,home,9389,0,10336,2014-03-18,2016-05-07,1,781,0.6931471805599453,0.2890648263178878,0.612683874548987,0.1,0.5622489959839357
35214,home,667,0,11731,2007-02-01,2009-04-06,5,795,1.791759469228055,0.7472217363092141,0.00749375520399667,0.5,0.5903614457831325
35214,home,3852,0,11147,2005-09-20,2007-09-22,2,732,1.0986122886681098,0.45815690999132624,0.2284901470996392,0.2,0.463855421686747
35214,other,1887,1,10456,2011-07-09,2013-07-27,3,749,1.3862943611198906,0.5781296526357756,0.09214543436025534,0.3,0.4979919678714859
35214,home,7738,0,10637,2003-04-09,2005-09-05,4,880,1.6094379124341003,0.6711877414712396,0.49812656119900084,0.4,0.7610441767068273
35214,credit,7567,0,10017,2004-02-11,2005-07-02,5,507,1.791759469228055,0.7472217363092141,0.48626144879267275,0.5,0.012048192771084338
35214,home,6513,1,11594,2007-07-01,2008-12-18,8,536,2.1972245773362196,0.9163138199826525,0.413127948931446,0.8,0.07028112449799197
35214,credit,5250,1,11010,2004-04-25,2006-05-19,6,754,1.9459101490553132,0.8115075629572489,0.32549264501804054,0.6,0.5080321285140562
35214,home,10800,1,11420,2013-07-06,2015-08-14,2,769,1.0986122886681098,0.45815690999132624,0.7105883985567583,0.2,0.5381526104417671
35214,other,4953,1,10908,2010-07-23,2012-05-02,0,649,0.0,0.0,0.30488481820704966,0.0,0.2971887550200803
35214,cash,3872,1,10741,2002-02-27,2003-12-29,1,670,0.6931471805599453,0.2890648263178878,0.22987787954482375,0.1,0.3393574297188755
48177,cash,809,0,10098,2000-06-09,2002-09-01,7,814,2.0794415416798357,0.8671944789536634,0.017346655564807106,0.7,0.6285140562248996
48177,credit,12216,0,10697,2007-05-07,2009-07-25,6,810,1.9459101490553132,0.8115075629572489,0.8088398556758257,0.6,0.6204819277108434
48177,other,7237,0,11850,2009-09-17,2011-03-08,6,537,1.9459101490553132,0.8115075629572489,0.4633638634471274,0.6,0.07228915662650602
48177,cash,6521,0,11235,2014-07-12,2016-02-22,6,590,1.9459101490553132,0.8115075629572489,0.4136830419095198,0.6,0.178714859437751
48177,cash,12592,0,11683,2007-09-13,2009-10-22,1,770,0.6931471805599453,0.2890648263178878,0.8349292256452956,0.1,0.5401606425702812
48177,other,1383,0,11264,2009-08-08,2012-01-03,6,878,1.9459101490553132,0.8115075629572489,0.05717457674160422,0.6,0.7570281124497992
48177,cash,14740,0,11261,2009-01-27,2010-12-06,1,678,0.6931471805599453,0.2890648263178878,0.9839716902581183,0.1,0.35542168674698793
48177,home,5818,1,10261,2014-08-26,2017-01-26,1,884,0.6931471805599453,0.2890648263178878,0.3649042464612823,0.1,0.7690763052208835
48177,credit,659,1,10684,2014-10-05,2017-01-16,2,834,1.0986122886681098,0.45815690999132624,0.006938662225922842,0.2,0.6686746987951807
48177,other,7813,1,10073,2012-05-10,2014-07-17,2,798,1.0986122886681098,0.45815690999132624,0.5033305578684429,0.2,0.5963855421686747
48177,cash,7907,0,11968,2014-04-17,2016-01-11,5,634,1.791759469228055,0.7472217363092141,0.5098529003608104,0.5,0.26706827309236947
48177,other,2797,1,11593,2001-07-18,2004-01-08,5,904,1.791759469228055,0.7472217363092141,0.1552872606161532,0.5,0.8092369477911646
48177,other,8703,1,10933,2002-10-25,2005-07-12,1,991,0.6931471805599453,0.2890648263178878,0.5650846516791562,0.1,0.9839357429718876
48177,cash,4112,1,10262,2006-10-07,2009-04-20,5,926,1.791759469228055,0.7472217363092141,0.2465306688870386,0.5,0.8534136546184738
48177,cash,11066,0,10271,2009-04-03,2010-10-08,1,553,0.6931471805599453,0.2890648263178878,0.729045240077713,0.1,0.10441767068273092
48177,credit,10830,0,11177,2009-06-07,2011-10-17,5,862,1.791759469228055,0.7472217363092141,0.7126699972245351,0.5,0.7248995983935743
48177,other,14006,1,11680,2009-10-27,2012-06-26,3,973,1.3862943611198906,0.5781296526357756,0.9330419095198446,0.3,0.9477911646586346
48177,home,5536,1,10956,2001-01-06,2002-06-19,1,529,0.6931471805599453,0.2890648263178878,0.34533721898417985,0.1,0.05622489959839357
48177,other,6318,0,10224,2003-02-02,2005-05-08,10,826,2.3978952727983707,1.0,0.3995975575908965,1.0,0.6526104417670683
26326,other,10902,1,11559,2014-09-06,2016-11-14,7,800,2.0794415416798357,0.8671944789536634,0.7176658340271995,0.7,0.6004016064257028
26326,other,1164,0,11960,2014-08-02,2017-01-29,0,911,0.0,0.0,0.041978906466833193,0.0,0.8232931726907631
26326,other,13264,1,10543,2011-07-09,2013-06-05,1,697,0.6931471805599453,0.2890648263178878,0.8815570358034971,0.1,0.39357429718875503
26326,cash,8794,0,11024,2003-04-25,2005-07-20,2,817,1.0986122886681098,0.45815690999132624,0.571398834304746,0.2,0.6345381526104418
26326,credit,5275,0,11072,2014-11-11,2016-07-17,1,614,0.6931471805599453,0.2890648263178878,0.32722731057452126,0.1,0.22690763052208834
26326,credit,12377,0,10671,2010-04-10,2011-11-03,1,572,0.6931471805599453,0.2890648263178878,0.8200111018595615,0.1,0.142570281124498
26326,home,4856,1,11740,2009-03-10,2010-10-15,1,584,0.6931471805599453,0.2890648263178878,0.2981543158479045,0.1,0.16666666666666666
26326,other,10261,1,11386,2013-05-17,2015-10-07,1,873,0.6931471805599453,0.2890648263178878,0.6731890091590341,0.1,0.7469879518072289
26326,credit,13464,0,11655,2001-10-06,2004-03-25,2,901,1.0986122886681098,0.45815690999132624,0.8954343602553427,0.2,0.8032128514056225
26326,home,12760,0,11708,2003-12-11,2006-04-13,5,854,1.791759469228055,0.7472217363092141,0.8465861781848459,0.5,0.7088353413654619
26326,home,3083,1,11706,2011-04-05,2012-10-10,7,554,2.0794415416798357,0.8671944789536634,0.17513183458229253,0.7,0.10642570281124498
26326,cash,6147,1,10491,2003-06-01,2005-07-15,3,775,1.3862943611198906,0.5781296526357756,0.3877324451845684,0.3,0.5502008032128514
26326,home,2847,1,11251,2000-03-06,2001-09-26,1,569,0.6931471805599453,0.2890648263178878,0.15875659172911463,0.1,0.13654618473895583
26326,other,1411,0,10729,2009-01-07,2011-02-24,3,778,1.3862943611198906,0.5781296526357756,0.059117402164862616,0.3,0.5562248995983936
26326,home,3597,1,11988,2001-04-14,2003-03-06,3,691,1.3862943611198906,0.5781296526357756,0.21079655842353595,0.3,0.3815261044176707
26326,other,6119,0,11513,2005-11-15,2007-06-06,2,568,1.0986122886681098,0.45815690999132624,0.38578961976131004,0.2,0.13453815261044177
42320,home,8090,0,10156,2012-09-22,2015-04-17,3,937,1.3862943611198906,0.5781296526357756,0.5225506522342492,0.3,0.8755020080321285
42320,cash,13643,1,10728,2002-08-04,2004-05-10,1,645,0.6931471805599453,0.2890648263178878,0.9078545656397446,0.1,0.2891566265060241
42320,home,5784,1,10909,2005-06-22,2007-06-19,2,727,1.0986122886681098,0.45815690999132624,0.3625451013044685,0.2,0.4538152610441767
42320,cash,5974,0,11538,2006-01-19,2008-04-29,3,831,1.3862943611198906,0.5781296526357756,0.3757285595337219,0.3,0.6626506024096386
42320,credit,8517,1,10624,2000-12-02,2002-11-06,1,704,0.6931471805599453,0.2890648263178878,0.5521787399389397,0.1,0.40763052208835343
42320,cash,3241,0,11882,2001-12-13,2004-01-12,1,760,0.6931471805599453,0.2890648263178878,0.18609492089925062,0.1,0.5200803212851406
42320,other,8367,1,11812,2007-08-24,2009-06-16,7,662,2.0794415416798357,0.8671944789536634,0.5417707466000555,0.7,0.3232931726907631
42320,cash,7906,0,11733,2006-02-12,2007-09-17,4,582,1.6094379124341003,0.6711877414712396,0.5097835137385512,0.4,0.16265060240963855
42320,home,12090,1,11443,2010-03-07,2011-09-12,1,554,0.6931471805599453,0.2890648263178878,0.8000971412711629,0.1,0.10642570281124498
42320,other,9498,0,11770,2003-07-24,2006-01-23,2,914,1.0986122886681098,0.45815690999132624,0.6202470163752428,0.2,0.8293172690763052
42320,home,2877,1,10603,2004-10-27,2007-06-13,1,959,0.6931471805599453,0.2890648263178878,0.16083819039689148,0.1,0.9196787148594378
42320,home,1136,0,11574,2012-04-08,2014-04-23,6,745,1.9459101490553132,0.8115075629572489,0.0400360810435748,0.6,0.4899598393574297
42320,cash,13887,1,11035,2005-06-22,2007-09-06,5,806,1.791759469228055,0.7472217363092141,0.9247849014709963,0.5,0.6124497991967871
42320,home,3851,1,11208,2002-12-13,2004-10-01,0,658,0.0,0.0,0.22842076047737997,0.0,0.3152610441767068
42320,credit,1070,1,10769,2011-11-13,2014-02-19,1,829,0.6931471805599453,0.2890648263178878,0.03545656397446572,0.1,0.6586345381526104
32961,credit,2275,0,11448,2002-10-12,2004-06-29,9,626,2.302585092994046,0.9602525677891275,0.11906744379683597,0.9,0.25100401606425704
32961,home,14257,1,11372,2010-05-25,2012-10-07,0,866,0.0,0.0,0.9504579517069109,0.0,0.7329317269076305
32961,home,9237,0,10850,2011-11-25,2014-07-27,0,975,0.0,0.0,0.6021371079655843,0.0,0.9518072289156626
32961,cash,2630,0,10906,2012-04-21,2014-06-14,4,784,1.6094379124341003,0.6711877414712396,0.14369969469886207,0.4,0.5682730923694779
32961,home,4964,0,11631,2004-08-22,2006-06-02,4,649,1.6094379124341003,0.6711877414712396,0.30564807105190117,0.4,0.2971887550200803
32961,cash,1732,0,10426,2010-06-06,2012-04-20,2,684,1.0986122886681098,0.45815690999132624,0.08139050791007493,0.2,0.3674698795180723
32961,credit,13783,1,10239,2013-07-05,2014-12-03,1,516,0.6931471805599453,0.2890648263178878,0.9175686927560366,0.1,0.030120481927710843
32961,credit,6000,0,10552,2004-12-28,2007-09-16,6,992,1.9459101490553132,0.8115075629572489,0.37753261171246183,0.6,0.9859437751004017
32961,credit,12553,1,11113,2001-09-08,2003-06-15,3,645,1.3862943611198906,0.5781296526357756,0.8322231473771857,0.3,0.2891566265060241
32961,other,2380,1,10918,2007-01-06,2008-08-29,7,601,2.0794415416798357,0.8671944789536634,0.12635303913405496,0.7,0.20080321285140562
32961,home,14784,1,10945,2006-03-14,2007-10-18,5,583,1.791759469228055,0.7472217363092141,0.9870247016375243,0.5,0.1646586345381526
32961,other,13674,0,11932,2013-11-24,2016-08-08,2,988,1.0986122886681098,0.45815690999132624,0.9100055509297807,0.2,0.9779116465863453
32961,cash,11901,1,11915,2003-06-21,2005-09-04,9,806,2.302585092994046,0.9602525677891275,0.7869830696641688,0.9,0.6124497991967871
32961,other,4239,1,10802,2003-11-08,2006-04-30,4,904,1.6094379124341003,0.6711877414712396,0.2553427699139606,0.4,0.8092369477911646
32961,cash,1693,1,11669,2014-05-06,2017-01-19,1,989,0.6931471805599453,0.2890648263178878,0.07868442964196502,0.1,0.9799196787148594
32961,cash,7294,0,10040,2001-12-19,2004-01-20,5,762,1.791759469228055,0.7472217363092141,0.4673189009159034,0.5,0.5240963855421686
32961,credit,10602,1,11427,2008-06-05,2009-12-19,4,562,1.6094379124341003,0.6711877414712396,0.696849847349431,0.4,0.12248995983935743
29841,home,2778,1,11093,2005-03-21,2007-11-06,0,960,0.0,0.0,0.15396891479322786,0.0,0.9216867469879518
29841,other,8223,1,10617,2013-03-23,2015-02-14,2,693,1.0986122886681098,0.45815690999132624,0.5317790729947266,0.2,0.3855421686746988
29841,home,13862,0,11730,2013-03-12,2015-12-01,6,994,1.9459101490553132,0.8115075629572489,0.9230502359145156,0.6,0.9899598393574297
29841,home,13683,0,10851,2009-09-16,2011-03-15,4,545,1.6094379124341003,0.6711877414712396,0.9106300305301138,0.4,0.08835341365461848
29841,home,4241,0,10589,2006-01-20,2008-07-17,3,909,1.3862943611198906,0.5781296526357756,0.25548154315847904,0.3,0.8192771084337349
29841,credit,14623,1,11827,2004-12-01,2007-04-08,6,858,1.9459101490553132,0.8115075629572489,0.9758534554537885,0.6,0.7168674698795181
29841,credit,6012,0,11965,2000-03-25,2002-07-10,5,837,1.791759469228055,0.7472217363092141,0.3783652511795726,0.5,0.6746987951807228
29841,credit,10499,1,11947,2011-10-16,2014-05-05,1,932,0.6931471805599453,0.2890648263178878,0.6897030252567306,0.1,0.8654618473895582
29841,home,14703,0,10116,2013-04-01,2015-05-15,1,774,0.6931471805599453,0.2890648263178878,0.9814043852345268,0.1,0.5481927710843374
29841,other,9115,0,10144,2001-10-22,2004-05-16,4,937,1.6094379124341003,0.6711877414712396,0.5936719400499584,0.4,0.8755020080321285
29841,cash,4718,0,11175,2014-03-08,2015-09-13,3,554,1.3862943611198906,0.5781296526357756,0.288578961976131,0.3,0.10642570281124498
29841,cash,14837,1,11927,2010-09-18,2012-12-22,0,826,0.0,0.0,0.9907021926172634,0.0,0.6526104417670683
29841,other,13164,1,11716,2010-08-28,2012-02-19,1,540,0.6931471805599453,0.2890648263178878,0.8746183735775742,0.1,0.0783132530120482
29841,home,7223,1,11188,2014-06-06,2016-02-24,5,628,1.791759469228055,0.7472217363092141,0.4623924507354982,0.5,0.25502008032128515
29841,credit,14721,0,11045,2005-02-09,2007-06-09,7,850,2.0794415416798357,0.8671944789536634,0.9826533444351929,0.7,0.7008032128514057
29841,credit,10537,1,10157,2010-08-04,2013-03-11,3,950,1.3862943611198906,0.5781296526357756,0.6923397169025812,0.3,0.9016064257028112
29841,cash,4301,1,10742,2005-01-15,2007-07-18,4,914,1.6094379124341003,0.6711877414712396,0.25964474049403274,0.4,0.8293172690763052
29841,cash,9394,1,11617,2011-04-25,2013-04-02,6,708,1.9459101490553132,0.8115075629572489,0.6130308076602831,0.6,0.41566265060240964
44601,home,4475,1,10362,2005-07-29,2007-07-06,7,707,2.0794415416798357,0.8671944789536634,0.2717180127671385,0.7,0.41365461847389556
44601,credit,7005,1,10988,2011-02-07,2013-03-31,9,783,2.302585092994046,0.9602525677891275,0.4472661670829864,0.9,0.5662650602409639
44601,cash,6636,1,11246,2009-12-07,2011-12-31,3,754,1.3862943611198906,0.5781296526357756,0.4216625034693311,0.3,0.5080321285140562
44601,home,8635,1,10700,2004-03-08,2006-10-07,5,943,1.791759469228055,0.7472217363092141,0.5603663613655288,0.5,0.8875502008032129
44601,credit,5478,1,10355,2013-09-28,2016-01-11,4,835,1.6094379124341003,0.6711877414712396,0.3413127948931446,0.4,0.6706827309236948
44601,credit,14104,1,10277,2011-01-12,2012-12-22,4,710,1.6094379124341003,0.6711877414712396,0.9398417985012489,0.4,0.41967871485943775
44601,credit,10120,0,10177,2001-11-03,2004-02-13,2,832,1.0986122886681098,0.45815690999132624,0.6634054954204829,0.2,0.6646586345381527
44601,cash,2003,1,11173,2008-09-13,2011-03-05,1,903,0.6931471805599453,0.2890648263178878,0.10019428254232583,0.1,0.8072289156626506
44601,cash,9532,0,10694,2006-10-17,2008-06-06,0,598,0.0,0.0,0.6226061615320566,0.0,0.19477911646586346
44601,other,5085,0,11363,2002-04-13,2004-03-18,3,705,1.3862943611198906,0.5781296526357756,0.3140438523452678,0.3,0.40963855421686746
44601,other,6129,1,10289,2013-10-07,2015-05-11,3,581,1.3862943611198906,0.5781296526357756,0.3864834859839023,0.3,0.1606425702811245
44601,credit,7232,1,10475,2005-08-19,2007-12-07,4,840,1.6094379124341003,0.6711877414712396,0.46301693033583124,0.4,0.6807228915662651
44601,home,6821,1,11826,2013-07-07,2016-03-29,4,996,1.6094379124341003,0.6711877414712396,0.4344990285872884,0.4,0.9939759036144579
44601,home,4930,0,10732,2003-02-15,2005-01-09,3,694,1.3862943611198906,0.5781296526357756,0.30328892589508744,0.3,0.38755020080321284
44601,cash,1221,1,10798,2009-04-13,2011-05-04,6,751,1.9459101490553132,0.8115075629572489,0.04593394393560921,0.6,0.5020080321285141
44601,home,12571,1,10429,2003-04-15,2005-07-05,7,812,2.0794415416798357,0.8671944789536634,0.8334721065778518,0.7,0.6244979919678715
44601,home,3376,0,10724,2006-09-20,2008-11-12,0,784,0.0,0.0,0.19546211490424645,0.0,0.5682730923694779
44601,home,11175,1,10721,2010-07-14,2012-11-06,7,846,2.0794415416798357,0.8671944789536634,0.7366083819039689,0.7,0.6927710843373494
44601,credit,4625,1,11623,2008-08-04,2010-03-04,5,577,1.791759469228055,0.7472217363092141,0.2821260061060228,0.5,0.15261044176706828
44601,other,6232,1,11183,2003-10-17,2006-04-04,7,900,2.0794415416798357,0.8671944789536634,0.3936303080766028,0.7,0.8012048192771084
32885,home,4379,0,10163,2013-09-13,2015-06-23,3,648,1.3862943611198906,0.5781296526357756,0.2650568970302526,0.3,0.29518072289156627
32885,cash,11050,1,10919,2009-12-18,2011-06-27,3,556,1.3862943611198906,0.5781296526357756,0.7279350541215653,0.3,0.11044176706827309
32885,cash,12291,1,10198,2012-03-28,2014-08-14,1,869,0.6931471805599453,0.2890648263178878,0.8140438523452679,0.1,0.7389558232931727
32885,cash,9646,0,10300,2007-12-13,2009-07-12,0,577,0.0,0.0,0.6305162364696086,0.0,0.15261044176706828
32885,home,11649,1,11610,2010-09-07,2012-05-12,1,613,0.6931471805599453,0.2890648263178878,0.7694976408548432,0.1,0.2248995983935743
32885,other,4949,1,10891,2010-07-02,2012-12-26,1,908,0.6931471805599453,0.2890648263178878,0.3046072717180128,0.1,0.8172690763052208
32885,other,11142,1,11320,2009-05-29,2010-11-06,0,526,0.0,0.0,0.7343186233694143,0.0,0.050200803212851405
32885,cash,10305,0,10240,2007-06-21,2009-01-25,0,584,0.0,0.0,0.6762420205384402,0.0,0.16666666666666666
32885,other,11886,0,11652,2014-05-14,2016-12-10,9,941,2.302585092994046,0.9602525677891275,0.7859422703302803,0.9,0.8835341365461847
32885,credit,12408,0,10681,2008-07-28,2010-10-17,1,811,0.6931471805599453,0.2890648263178878,0.8221620871495976,0.1,0.6224899598393574
32885,cash,11538,1,11602,2007-03-11,2009-02-02,1,694,0.6931471805599453,0.2890648263178878,0.7617957257840688,0.1,0.38755020080321284
32885,home,3704,0,11128,2007-09-12,2009-02-15,0,522,0.0,0.0,0.21822092700527337,0.0,0.04216867469879518
32885,home,14162,1,11333,2000-08-05,2002-06-01,7,665,2.0794415416798357,0.8671944789536634,0.9438662225922843,0.7,0.3293172690763052
32885,home,11783,0,10301,2000-08-10,2003-03-12,3,944,1.3862943611198906,0.5781296526357756,0.7787954482375798,0.3,0.8895582329317269
32885,credit,7914,1,11006,2008-12-16,2011-07-20,5,946,1.791759469228055,0.7472217363092141,0.510338606716625,0.5,0.893574297188755
49068,cash,4675,1,10024,2005-03-29,2007-09-26,3,911,1.3862943611198906,0.5781296526357756,0.28559533721898417,0.3,0.8232931726907631
49068,home,2105,0,10075,2001-04-12,2003-12-23,3,985,1.3862943611198906,0.5781296526357756,0.10727171801276714,0.3,0.9718875502008032
49068,other,10082,1,10131,2014-10-10,2016-05-25,1,593,0.6931471805599453,0.2890648263178878,0.6607688037746322,0.1,0.18473895582329317
49068,credit,12085,1,11174,2012-03-11,2014-10-17,6,950,1.9459101490553132,0.8115075629572489,0.7997502081598667,0.6,0.9016064257028112
49068,cash,4226,1,11249,2007-12-03,2009-04-30,7,514,2.0794415416798357,0.8671944789536634,0.25444074382459064,0.7,0.02610441767068273
49068,home,7056,1,11668,2007-01-03,2009-07-30,2,939,1.0986122886681098,0.45815690999132624,0.4508048848182071,0.2,0.8795180722891566
49068,cash,6473,1,11546,2002-09-01,2004-10-23,5,783,1.791759469228055,0.7472217363092141,0.4103524840410769,0.5,0.5662650602409639
49068,other,5155,1,11879,2001-06-14,2003-09-02,6,810,1.9459101490553132,0.8115075629572489,0.3189009159034138,0.6,0.6204819277108434
49068,cash,9534,1,10502,2003-05-16,2005-01-16,3,611,1.3862943611198906,0.5781296526357756,0.6227449347765751,0.3,0.22088353413654618
49068,credit,6620,0,11953,2012-02-12,2014-06-19,0,858,0.0,0.0,0.42055231751318345,0.0,0.7168674698795181
49068,cash,2106,0,11713,2007-03-22,2008-08-04,3,501,1.3862943611198906,0.5781296526357756,0.10734110463502637,0.3,0.0
49068,cash,1447,1,10386,2010-07-21,2012-11-03,0,836,0.0,0.0,0.061615320566194835,0.0,0.6726907630522089
49068,cash,13910,1,10532,2006-07-12,2007-12-04,3,510,1.3862943611198906,0.5781296526357756,0.9263807937829587,0.3,0.018072289156626505
49068,other,13789,1,10470,2011-05-29,2013-09-08,2,833,1.0986122886681098,0.45815690999132624,0.917985012489592,0.2,0.6666666666666666
49068,other,5765,1,10282,2005-06-03,2007-11-02,7,882,2.0794415416798357,0.8671944789536634,0.36122675548154315,0.7,0.7650602409638554
49068,cash,6885,0,10706,2012-09-24,2014-06-03,3,617,1.3862943611198906,0.5781296526357756,0.438939772411879,0.3,0.23293172690763053
49068,home,13338,0,10060,2012-07-02,2014-12-14,0,895,0.0,0.0,0.8866916458506799,0.0,0.7911646586345381
49068,cash,11871,1,11154,2011-10-15,2013-11-07,4,754,1.6094379124341003,0.6711877414712396,0.7849014709963918,0.4,0.5080321285140562
44387,home,14900,0,11614,2011-01-04,2013-02-05,5,763,1.791759469228055,0.7472217363092141,0.9950735498195947,0.5,0.5261044176706827
44387,cash,5508,0,11367,2011-01-07,2012-08-29,1,600,0.6931471805599453,0.2890648263178878,0.34339439356092144,0.1,0.19879518072289157
44387,home,2623,1,11876,2003-06-23,2005-06-29,4,737,1.6094379124341003,0.6711877414712396,0.14321398834304747,0.4,0.4738955823293173
44387,home,12465,0,10682,2005-03-03,2007-06-01,3,820,1.3862943611198906,0.5781296526357756,0.8261171246183736,0.3,0.6405622489959839
44387,home,8770,1,11588,2005-05-29,2007-07-15,4,777,1.6094379124341003,0.6711877414712396,0.5697335553705246,0.4,0.5542168674698795
44387,home,12312,1,11681,2014-02-26,2015-10-03,3,584,1.3862943611198906,0.5781296526357756,0.8155009714127116,0.3,0.16666666666666666
44387,cash,2559,0,10690,2014-02-24,2016-06-11,3,838,1.3862943611198906,0.5781296526357756,0.13877324451845685,0.3,0.6767068273092369
44387,cash,9893,1,10327,2007-02-27,2009-03-26,6,758,1.9459101490553132,0.8115075629572489,0.647654732167638,0.6,0.5160642570281124
44387,credit,3017,1,10222,2005-07-02,2007-12-01,0,882,0.0,0.0,0.17055231751318345,0.0,0.7650602409638554
44387,cash,12799,1,11674,2001-10-04,2003-02-24,1,508,0.6931471805599453,0.2890648263178878,0.8492922564529559,0.1,0.014056224899598393
44387,credit,7279,1,10109,2014-03-20,2016-06-18,4,821,1.6094379124341003,0.6711877414712396,0.466278101582015,0.4,0.642570281124498
44387,cash,6858,1,11475,2006-12-03,2009-03-19,1,837,0.6931471805599453,0.2890648263178878,0.4370663336108798,0.1,0.6746987951807228
44387,other,6562,1,10862,2002-12-22,2005-01-18,1,758,0.6931471805599453,0.2890648263178878,0.4165278934221482,0.1,0.5160642570281124
44387,home,4506,0,11315,2002-08-15,2004-10-04,2,781,1.0986122886681098,0.45815690999132624,0.2738689980571746,0.2,0.5622489959839357
44387,cash,765,0,10080,2000-07-05,2003-03-28,5,996,1.791759469228055,0.7472217363092141,0.014293644185401055,0.5,0.9939759036144579
39384,home,10779,0,11441,2007-10-28,2010-04-29,6,914,1.9459101490553132,0.8115075629572489,0.7091312794893144,0.6,0.8293172690763052
39384,credit,8506,1,11498,2009-03-25,2011-10-12,9,931,2.302585092994046,0.9602525677891275,0.5514154870940883,0.9,0.8634538152610441
39384,cash,5263,1,11273,2013-09-22,2015-10-04,1,742,0.6931471805599453,0.2890648263178878,0.3263946711074105,0.1,0.4839357429718876
39384,credit,9582,1,11067,2008-05-29,2010-01-13,2,594,1.0986122886681098,0.45815690999132624,0.626075492645018,0.2,0.18674698795180722
39384,credit,1770,1,10868,2013-08-03,2016-04-28,3,999,1.3862943611198906,0.5781296526357756,0.08402719955592562,0.3,1.0
39384,credit,2166,1,10274,2012-02-27,2013-08-30,2,550,1.0986122886681098,0.45815690999132624,0.11150430197058007,0.2,0.09839357429718876
39384,other,2925,0,10827,2005-12-29,2008-01-07,3,739,1.3862943611198906,0.5781296526357756,0.16416874826533445,0.3,0.4779116465863454
39384,cash,3557,0,11100,2014-04-21,2016-12-29,4,983,1.6094379124341003,0.6711877414712396,0.2080210935331668,0.4,0.9678714859437751
39384,other,14654,0,11735,2014-07-21,2016-03-13,2,601,1.0986122886681098,0.45815690999132624,0.9780044407438246,0.2,0.20080321285140562
39384,cash,8646,1,10538,2014-03-10,2016-11-27,2,993,1.0986122886681098,0.45815690999132624,0.5611296142103802,0.2,0.9879518072289156
39384,cash,10022,1,10872,2005-11-20,2007-08-20,6,638,1.9459101490553132,0.8115075629572489,0.6566056064390785,0.6,0.2751004016064257
39384,home,7241,1,11972,2009-03-28,2011-03-09,6,711,1.9459101490553132,0.8115075629572489,0.4636414099361643,0.6,0.42168674698795183
39384,credit,1825,1,11798,2013-08-19,2015-10-07,2,779,1.0986122886681098,0.45815690999132624,0.08784346378018318,0.2,0.5582329317269076
39384,home,9554,0,11787,2010-12-29,2013-06-16,0,900,0.0,0.0,0.6241326672217596,0.0,0.8012048192771084
39384,other,13131,1,10579,2012-08-12,2014-06-17,3,674,1.3862943611198906,0.5781296526357756,0.8723286150430197,0.3,0.3473895582329317
39384,cash,10758,0,11238,2009-09-26,2011-11-05,1,770,0.6931471805599453,0.2890648263178878,0.7076741604218707,0.1,0.5401606425702812
39384,cash,11728,0,11700,2007-04-20,2009-11-09,6,934,1.9459101490553132,0.8115075629572489,0.7749791840133222,0.6,0.8694779116465864
39384,credit,6634,1,11336,2007-04-18,2008-10-24,2,555,1.0986122886681098,0.45815690999132624,0.42152373022481265,0.2,0.10843373493975904
39384,credit,10703,1,11038,2002-05-29,2004-05-16,9,718,2.302585092994046,0.9602525677891275,0.7038578961976131,0.9,0.4357429718875502
26695,credit,2389,0,10197,2010-09-03,2013-01-09,4,859,1.6094379124341003,0.6711877414712396,0.126977518734388,0.4,0.7188755020080321
26695,home,3504,0,11276,2001-09-29,2003-10-28,0,759,0.0,0.0,0.2043436025534277,0.0,0.5180722891566265
26695,home,9808,1,10806,2000-07-27,2003-04-18,1,995,0.6931471805599453,0.2890648263178878,0.6417568692756037,0.1,0.9919678714859438
26695,cash,9606,1,11853,2003-11-04,2005-04-29,2,542,1.0986122886681098,0.45815690999132624,0.6277407715792396,0.2,0.0823293172690763
26695,home,3915,1,10947,2008-12-08,2011-04-17,0,860,0.0,0.0,0.23286150430197058,0.0,0.7208835341365462
26695,other,13918,1,10985,2014-10-03,2016-10-25,1,753,0.6931471805599453,0.2890648263178878,0.9269358867610324,0.1,0.5060240963855421
26695,other,8846,1,10683,2006-09-05,2009-05-02,3,970,1.3862943611198906,0.5781296526357756,0.575006938662226,0.3,0.9417670682730924
26695,home,11763,0,10048,2012-07-18,2014-12-27,3,892,1.3862943611198906,0.5781296526357756,0.7774077157923952,0.3,0.785140562248996
26695,other,10022,0,11848,2010-11-22,2013-06-14,3,935,1.3862943611198906,0.5781296526357756,0.6566056064390785,0.3,0.8714859437751004
26695,home,10378,0,11481,2008-08-26,2010-05-12,2,624,1.0986122886681098,0.45815690999132624,0.6813072439633638,0.2,0.2469879518072289
26695,home,13269,0,11830,2004-04-29,2006-03-14,5,684,1.791759469228055,0.7472217363092141,0.8819039689147933,0.5,0.3674698795180723
26695,cash,2650,0,10612,2004-10-29,2007-02-20,2,844,1.0986122886681098,0.45815690999132624,0.14508742714404663,0.2,0.6887550200803213
26695,cash,3660,0,10341,2011-12-19,2013-11-21,3,703,1.3862943611198906,0.5781296526357756,0.21516791562586735,0.3,0.40562248995983935
26695,cash,14865,0,11604,2009-04-09,2011-09-18,3,892,1.3862943611198906,0.5781296526357756,0.9926450180405217,0.3,0.785140562248996
26695,home,4698,0,11959,2003-03-19,2004-09-03,7,534,2.0794415416798357,0.8671944789536634,0.28719122953094645,0.7,0.06626506024096386
26695,credit,3455,0,11728,2002-03-03,2004-07-29,2,879,1.0986122886681098,0.45815690999132624,0.20094365806272552,0.2,0.7590361445783133
26695,other,9323,1,10468,2002-10-22,2005-03-17,3,877,1.3862943611198906,0.5781296526357756,0.6081043574798779,0.3,0.7550200803212851
26695,credit,4776,1,10305,2003-09-16,2005-09-20,1,735,0.6931471805599453,0.2890648263178878,0.29260338606716624,0.1,0.46987951807228917
38537,cash,3418,0,11991,2005-02-02,2006-10-10,1,615,0.6931471805599453,0.2890648263178878,0.19837635303913406,0.1,0.2289156626506024
38537,credit,9349,1,10427,2007-07-23,2009-07-24,3,732,1.3862943611198906,0.5781296526357756,0.6099084096586178,0.3,0.463855421686747
38537,other,14639,0,11871,2012-08-19,2014-12-11,3,844,1.3862943611198906,0.5781296526357756,0.9769636414099362,0.3,0.6887550200803213
38537,other,14804,1,10953,2005-10-01,2007-07-19,1,656,0.6931471805599453,0.2890648263178878,0.9884124340827088,0.1,0.3112449799196787
38537,home,2525,0,10508,2003-05-29,2005-10-14,3,869,1.3862943611198906,0.5781296526357756,0.1364140993616431,0.3,0.7389558232931727
38537,credit,2396,1,10308,2002-04-13,2003-11-06,8,572,2.1972245773362196,0.9163138199826525,0.1274632250902026,0.8,0.142570281124498
38537,cash,12551,0,10507,2011-08-11,2014-01-19,5,892,1.791759469228055,0.7472217363092141,0.8320843741326672,0.5,0.785140562248996
38537,cash,8797,1,11654,2014-03-14,2016-01-17,1,674,0.6931471805599453,0.2890648263178878,0.5716069941715237,0.1,0.3473895582329317
38537,other,14342,1,10032,2002-01-02,2003-10-14,1,650,0.6931471805599453,0.2890648263178878,0.9563558145989454,0.1,0.2991967871485944
38537,other,5776,1,10392,2012-10-27,2014-10-21,1,724,0.6931471805599453,0.2890648263178878,0.36199000832639466,0.1,0.44779116465863456
38537,credit,2451,0,11331,2001-12-24,2004-03-06,0,803,0.0,0.0,0.13127948931446018,0.0,0.606425702811245
38537,home,14637,0,10115,2011-07-10,2013-11-01,5,845,1.791759469228055,0.7472217363092141,0.9768248681654177,0.5,0.6907630522088354
38537,credit,9355,1,10408,2004-04-22,2006-02-13,2,662,1.0986122886681098,0.45815690999132624,0.6103247293921732,0.2,0.3232931726907631
38537,credit,4643,1,11825,2012-04-29,2013-10-15,0,534,0.0,0.0,0.2833749653066889,0.0,0.06626506024096386
38537,other,9457,1,10276,2004-07-09,2006-06-01,2,692,1.0986122886681098,0.45815690999132624,0.6174021648626145,0.2,0.38353413654618473
38537,other,13130,0,10688,2013-07-12,2015-11-03,0,844,0.0,0.0,0.8722592284207604,0.0,0.6887550200803213
38537,credit,10498,1,11197,2007-05-16,2009-12-27,4,956,1.6094379124341003,0.6711877414712396,0.6896336386344712,0.4,0.9136546184738956
46958,cash,6596,1,10537,2005-08-25,2008-03-29,2,947,1.0986122886681098,0.45815690999132624,0.418887038578962,0.2,0.8955823293172691
46958,home,12139,0,10174,2001-02-19,2003-07-04,5,865,1.791759469228055,0.7472217363092141,0.8034970857618651,0.5,0.7309236947791165
46958,other,10377,0,11278,2008-04-10,2009-12-31,1,630,0.6931471805599453,0.2890648263178878,0.6812378573411046,0.1,0.25903614457831325
46958,other,9069,0,11226,2004-03-03,2006-04-12,6,770,1.9459101490553132,0.8115075629572489,0.5904801554260338,0.6,0.5401606425702812
46958,cash,2737,0,10655,2001-12-09,2004-04-01,6,844,1.9459101490553132,0.8115075629572489,0.1511240632805995,0.6,0.6887550200803213
46958,credit,8308,0,10195,2014-08-12,2017-05-07,0,999,0.0,0.0,0.537676935886761,0.0,1.0
46958,home,9641,0,11361,2007-03-10,2009-03-02,2,723,1.0986122886681098,0.45815690999132624,0.6301693033583126,0.2,0.4457831325301205
46958,credit,2390,1,11206,2012-09-28,2015-01-16,3,840,1.3862943611198906,0.5781296526357756,0.12704690535664723,0.3,0.6807228915662651
46958,other,12575,1,11355,2011-09-14,2013-12-21,5,829,1.791759469228055,0.7472217363092141,0.8337496530668888,0.5,0.6586345381526104
46958,credit,13187,0,11618,2010-10-10,2013-06-22,2,986,1.0986122886681098,0.45815690999132624,0.8762142658895365,0.2,0.9738955823293173
46958,other,7372,0,10091,2000-07-13,2002-09-15,5,794,1.791759469228055,0.7472217363092141,0.47273105745212324,0.5,0.5883534136546185
46958,cash,12586,0,11615,2002-10-22,2004-05-20,2,576,1.0986122886681098,0.45815690999132624,0.8345129059117402,0.2,0.15060240963855423
46958,other,14942,0,10399,2005-01-09,2006-11-21,2,681,1.0986122886681098,0.45815690999132624,0.9979877879544824,0.2,0.3614457831325301
41472,other,986,1,11353,2013-07-28,2016-01-17,1,903,0.6931471805599453,0.2890648263178878,0.029628087704690536,0.1,0.8072289156626506
41472,home,5095,0,11406,2010-04-16,2012-08-22,5,859,1.791759469228055,0.7472217363092141,0.3147377185678601,0.5,0.7188755020080321
41472,other,8597,0,10639,2005-06-27,2007-11-21,7,877,2.0794415416798357,0.8671944789536634,0.5577296697196781,0.7,0.7550200803212851
41472,home,1270,0,11855,2014-04-17,2015-10-28,10,559,2.3978952727983707,1.0,0.04933388842631141,1.0,0.11646586345381527
41472,cash,12571,1,11266,2004-09-20,2006-09-20,1,730,0.6931471805599453,0.2890648263178878,0.8334721065778518,0.1,0.4598393574297189
41472,cash,5758,0,11711,2003-02-04,2005-09-27,2,966,1.0986122886681098,0.45815690999132624,0.3607410491257286,0.2,0.9337349397590361
41472,cash,7779,1,10094,2001-10-23,2004-02-13,9,843,2.302585092994046,0.9602525677891275,0.5009714127116291,0.9,0.6867469879518072
41472,home,13657,1,10166,2000-04-11,2001-09-08,6,515,1.9459101490553132,0.8115075629572489,0.9088259783513739,0.6,0.028112449799196786
41472,other,11222,1,10583,2011-08-27,2013-11-11,6,807,1.9459101490553132,0.8115075629572489,0.7398695531501527,0.6,0.6144578313253012
41472,cash,13082,0,11101,2002-07-12,2004-02-03,4,571,1.6094379124341003,0.6711877414712396,0.8689286705523175,0.4,0.14056224899598393
41472,cash,10122,0,11936,2014-08-06,2016-06-22,1,686,0.6931471805599453,0.2890648263178878,0.6635442686650014,0.1,0.3714859437751004
41472,other,6661,1,11148,2003-04-14,2005-08-05,1,844,0.6931471805599453,0.2890648263178878,0.4233971690258118,0.1,0.6887550200803213
41472,other,11773,0,10364,2001-05-09,2003-12-30,6,965,1.9459101490553132,0.8115075629572489,0.7781015820149875,0.6,0.9317269076305221
41472,credit,1968,1,11438,2013-07-01,2015-05-23,1,691,0.6931471805599453,0.2890648263178878,0.09776575076325285,0.1,0.3815261044176707
41472,credit,4078,0,11041,2011-09-18,2013-03-02,0,531,0.0,0.0,0.24417152373022483,0.0,0.060240963855421686
41472,credit,5554,1,11792,2006-02-13,2008-08-16,5,915,1.791759469228055,0.7472217363092141,0.34658617818484594,0.5,0.8313253012048193
49624,credit,14679,1,11524,2006-04-03,2008-04-12,6,740,1.9459101490553132,0.8115075629572489,0.9797391063003053,0.6,0.4799196787148594
49624,other,2572,1,10578,2004-05-04,2005-12-16,2,591,1.0986122886681098,0.45815690999132624,0.1396752706078268,0.2,0.18072289156626506
49624,cash,8621,0,10454,2014-07-26,2015-12-29,3,521,1.3862943611198906,0.5781296526357756,0.5593949486538995,0.3,0.040160642570281124
49624,cash,13221,1,11581,2003-05-07,2006-01-06,4,975,1.6094379124341003,0.6711877414712396,0.8785734110463502,0.4,0.9518072289156626
49624,credit,11219,1,11132,2013-08-12,2016-03-15,4,946,1.6094379124341003,0.6711877414712396,0.739661393283375,0.4,0.893574297188755
49624,cash,11943,0,11310,2002-10-26,2004-12-01,6,767,1.9459101490553132,0.8115075629572489,0.7898973077990563,0.6,0.5341365461847389
49624,other,2361,0,11002,2006-09-28,2008-07-22,4,663,1.6094379124341003,0.6711877414712396,0.12503469331112962,0.4,0.3253012048192771
49624,credit,9296,1,10714,2003-04-28,2005-05-04,3,737,1.3862943611198906,0.5781296526357756,0.6062309186788787,0.3,0.4738955823293173
49624,home,8133,1,10312,2009-03-14,2011-03-21,10,737,2.3978952727983707,1.0,0.5255342769913961,1.0,0.4738955823293173
49624,credit,6050,0,11034,2011-03-24,2012-12-21,3,638,1.3862943611198906,0.5781296526357756,0.38100194282542327,0.3,0.2751004016064257
49624,other,13015,1,10233,2002-07-25,2005-03-26,0,975,0.0,0.0,0.8642797668609492,0.0,0.9518072289156626
49624,home,7876,1,11977,2005-05-15,2007-05-04,6,719,1.9459101490553132,0.8115075629572489,0.5077019150707743,0.6,0.43775100401606426
49624,credit,2461,1,10185,2012-10-26,2015-05-30,4,946,1.6094379124341003,0.6711877414712396,0.13197335553705244,0.4,0.893574297188755
49624,other,14421,0,10826,2004-09-03,2006-01-31,0,515,0.0,0.0,0.9618373577574244,0.0,0.028112449799196786
49624,home,11750,0,10072,2003-10-17,2005-11-04,1,749,0.6931471805599453,0.2890648263178878,0.7765056897030252,0.1,0.4979919678714859
26945,credit,6010,0,10078,2005-03-06,2006-11-29,3,633,1.3862943611198906,0.5781296526357756,0.3782264779350541,0.3,0.26506024096385544
26945,credit,8337,0,11580,2000-12-07,2002-05-01,1,510,0.6931471805599453,0.2890648263178878,0.5396891479322786,0.1,0.018072289156626505
26945,cash,9249,1,11482,2013-12-24,2016-05-11,3,869,1.3862943611198906,0.5781296526357756,0.6029697474326949,0.3,0.7389558232931727
26945,other,8899,1,10079,2002-08-19,2005-02-24,4,920,1.6094379124341003,0.6711877414712396,0.578684429641965,0.4,0.8413654618473896
26945,credit,1367,1,10439,2013-07-29,2016-01-12,4,897,1.6094379124341003,0.6711877414712396,0.056064390785456567,0.4,0.7951807228915663
26945,cash,8685,1,10315,2007-11-08,2009-10-25,3,717,1.3862943611198906,0.5781296526357756,0.5638356924784902,0.3,0.43373493975903615
26945,credit,3510,0,10196,2002-07-14,2004-08-10,3,758,1.3862943611198906,0.5781296526357756,0.20475992228698306,0.3,0.5160642570281124
26945,home,653,0,11230,2002-08-08,2004-05-01,3,632,1.3862943611198906,0.5781296526357756,0.006522342492367472,0.3,0.26305220883534136
26945,other,13726,0,11442,2007-05-16,2010-01-12,1,972,0.6931471805599453,0.2890648263178878,0.9136136552872606,0.1,0.9457831325301205
26945,home,14593,1,10812,2009-10-16,2011-07-07,0,629,0.0,0.0,0.9737718567860116,0.0,0.2570281124497992
26945,other,12963,0,10330,2001-11-26,2004-06-11,2,928,1.0986122886681098,0.45815690999132624,0.8606716625034694,0.2,0.857429718875502
26945,credit,1728,1,10248,2004-01-27,2005-06-21,5,511,1.791759469228055,0.7472217363092141,0.08111296142103802,0.5,0.020080321285140562
26945,other,9329,0,10154,2001-12-17,2004-07-22,6,948,1.9459101490553132,0.8115075629572489,0.6085206772134333,0.6,0.8975903614457831
26945,home,4197,0,10333,2003-10-16,2005-07-10,4,633,1.6094379124341003,0.6711877414712396,0.252428531779073,0.4,0.26506024096385544
26945,home,3643,0,11434,2010-03-24,2011-12-22,0,638,0.0,0.0,0.21398834304746045,0.0,0.2751004016064257
