client_id,loan_type,loan_amount,loan_id,loan_start,loan_end,rate,loan_duration_days,rate_log,rate_log_normalized,loan_amount_normalized,rate_normalized,loan_duration_days_normalized,loan_type_cash,loan_type_credit,loan_type_home,loan_type_other,rate_freq,rate_log_freq,rate_log_normalized_freq,rate_normalized_freq,amount_per_day,interest_burden,loan_amount_sq,rate_category,rate_duration_interaction,loan_amount_log,rate_cat_low,rate_cat_medium,rate_cat_high,repaid
41472,other,11222,10583,2011-08-27,2013-11-11,6,807,1.9459101490553132,0.8115075629572489,0.7398695531501527,0.6,0.6144578313253012,0,0,0,1,0.08803611738148984,0.08803611738148984,0.08803611738148984,0.08803611738148984,13.888613861386139,673.32,125933284,high,4842,9.325720523016257,0,0,1,1
46109,cash,6177,11141,2007-03-12,2009-04-26,9,776,2.302585092994046,0.9602525677891275,0.38981404385234525,0.9,0.5522088353413654,1,0,0,0,0.029345372460496615,0.029345372460496615,0.029345372460496615,0.029345372460496615,7.94980694980695,555.93,38155329,high,6984,8.728749873478527,0,0,1,1
32885,home,11783,10301,2000-08-10,2003-03-12,3,944,1.3862943611198906,0.5781296526357756,0.7787954482375798,0.3,0.8895582329317269,0,0,1,0,0.17155756207674944,0.17155756207674944,0.17155756207674944,0.17155756207674944,12.468783068783068,353.49,138839089,medium,2832,9.374497958142467,0,1,0,0
35089,other,773,11595,2014-09-26,2016-04-23,8,575,2.1972245773362196,0.9163138199826525,0.014848737163474882,0.8,0.14859437751004015,0,0,0,1,0.013544018058690745,0.013544018058690745,0.013544018058690745,0.013544018058690745,1.3420138888888888,61.84,597529,high,4600,6.651571873589727,0,0,1,1
35089,other,2932,10107,2012-06-17,2014-08-13,4,787,1.6094379124341003,0.6711877414712396,0.16465445462114905,0.4,0.5742971887550201,0,0,0,1,0.11512415349887133,0.11512415349887133,0.11512415349887133,0.11512415349887133,3.720812182741117,117.28,8596624,medium,3148,7.983781068977451,0,1,0,1
26326,other,10902,11559,2014-09-06,2016-11-14,7,800,2.0794415416798357,0.8671944789536634,0.7176658340271995,0.7,0.6004016064257028,0,0,0,1,0.045146726862302484,0.045146726862302484,0.045146726862302484,0.045146726862302484,13.610486891385769,763.14,118853604,high,5600,9.296793259706382,0,0,1,1
32726,cash,10671,11520,2002-03-02,2004-09-01,4,914,1.6094379124341003,0.6711877414712396,0.7016375242853178,0.4,0.8293172690763052,1,0,0,0,0.11512415349887133,0.11512415349887133,0.11512415349887133,0.11512415349887133,11.662295081967214,426.84,113870241,medium,3656,9.275378768155404,0,1,0,1
32885,cash,11538,11602,2007-03-11,2009-02-02,1,694,0.6931471805599453,0.2890648263178878,0.7617957257840688,0.1,0.38755020080321284,1,0,0,0,0.21670428893905191,0.21670428893905191,0.21670428893905191,0.21670428893905191,16.601438848920864,115.38,133125444,low,694,9.353487881194667,1,0,0,1
49545,home,11799,11030,2001-04-24,2003-11-08,7,928,2.0794415416798357,0.8671944789536634,0.7799056341937275,0.7,0.857429718875502,0,0,1,0,0.045146726862302484,0.045146726862302484,0.045146726862302484,0.045146726862302484,12.70075349838536,825.93,139216401,high,6496,9.375854810453756,0,0,1,0
29841,home,7223,11188,2014-06-06,2016-02-24,5,628,1.791759469228055,0.7472217363092141,0.4623924507354982,0.5,0.25502008032128515,0,0,1,0,0.0835214446952596,0.0835214446952596,0.0835214446952596,0.0835214446952596,11.483306836248012,361.15,52171729,medium,3140,8.88516409509682,0,1,0,1
49545,cash,14946,11043,2002-06-28,2004-03-17,6,628,1.9459101490553132,0.8115075629572489,0.9982653344435193,0.6,0.25502008032128515,1,0,0,0,0.08803611738148984,0.08803611738148984,0.08803611738148984,0.08803611738148984,23.761526232114466,896.76,223382916,high,3768,9.612265889785814,0,0,1,1
41480,cash,6903,11487,2006-01-16,2008-08-08,1,935,0.6931471805599453,0.2890648263178878,0.4401887316125451,0.1,0.8714859437751004,1,0,0,0,0.21670428893905191,0.21670428893905191,0.21670428893905191,0.21670428893905191,7.375,69.03,47651409,low,935,8.839856232763264,1,0,0,0
26326,home,3597,11988,2001-04-14,2003-03-06,3,691,1.3862943611198906,0.5781296526357756,0.21079655842353595,0.3,0.3815261044176707,0,0,1,0,0.17155756207674944,0.17155756207674944,0.17155756207674944,0.17155756207674944,5.1979768786127165,107.91,12938409,medium,2073,8.188133414510478,0,1,0,1
46109,credit,3524,11867,2005-09-18,2007-08-27,6,708,1.9459101490553132,0.8115075629572489,0.20573133499861226,0.6,0.41566265060240964,0,1,0,0,0.08803611738148984,0.08803611738148984,0.08803611738148984,0.08803611738148984,4.970380818053597,211.44,12418576,high,4248,8.16763571524637,0,0,1,0
49624,other,2572,10578,2004-05-04,2005-12-16,2,591,1.0986122886681098,0.45815690999132624,0.1396752706078268,0.2,0.18072289156626506,0,0,0,1,0.13544018058690746,0.13544018058690746,0.13544018058690746,0.13544018058690746,4.344594594594595,51.44,6615184,low,1182,7.8528278122817445,1,0,0,1
25707,credit,2735,11528,2006-01-20,2007-08-26,1,583,0.6931471805599453,0.2890648263178878,0.15098529003608105,0.1,0.1646586345381526,0,1,0,0,0.21670428893905191,0.21670428893905191,0.21670428893905191,0.21670428893905191,4.683219178082192,27.35,7480225,low,583,7.914252278742441,1,0,0,0
32726,home,2830,11304,2001-10-17,2003-07-28,0,649,0.0,0.0,0.15757701915070774,0.0,0.2971887550200803,0,0,1,0,0.09029345372460497,0.09029345372460497,0.09029345372460497,0.09029345372460497,4.3538461538461535,0.0,8008900,low,0,7.9483852851118995,1,0,0,1
35089,cash,5204,10087,2003-01-08,2004-10-28,3,659,1.3862943611198906,0.5781296526357756,0.32230086039411604,0.3,0.3172690763052209,1,0,0,0,0.17155756207674944,0.17155756207674944,0.17155756207674944,0.17155756207674944,7.884848484848485,156.12,27081616,medium,1977,8.557374981049069,0,1,0,1
39505,home,3875,10770,2004-07-20,2006-11-21,4,854,1.6094379124341003,0.6711877414712396,0.23008603941160144,0.4,0.7088353413654619,0,0,1,0,0.11512415349887133,0.11512415349887133,0.11512415349887133,0.11512415349887133,4.5321637426900585,155.0,15015625,medium,3416,8.262558973010657,0,1,0,1
26945,credit,6010,10078,2005-03-06,2006-11-29,3,633,1.3862943611198906,0.5781296526357756,0.3782264779350541,0.3,0.26506024096385544,0,1,0,0,0.17155756207674944,0.17155756207674944,0.17155756207674944,0.17155756207674944,9.479495268138802,180.3,36120100,medium,1899,8.701346403039162,0,1,0,0
39384,cash,10758,11238,2009-09-26,2011-11-05,1,770,0.6931471805599453,0.2890648263178878,0.7076741604218707,0.1,0.5401606425702812,1,0,0,0,0.21670428893905191,0.21670428893905191,0.21670428893905191,0.21670428893905191,13.95330739299611,107.58,115734564,low,770,9.283497892593909,1,0,0,0
49624,other,13015,10233,2002-07-25,2005-03-26,0,975,0.0,0.0,0.8642797668609492,0.0,0.9518072289156626,0,0,0,1,0.09029345372460497,0.09029345372460497,0.09029345372460497,0.09029345372460497,13.335040983606557,0.0,169390225,low,0,9.473934648898874,1,0,0,1
42320,cash,3241,11882,2001-12-13,2004-01-12,1,760,0.6931471805599453,0.2890648263178878,0.18609492089925062,0.1,0.5200803212851406,1,0,0,0,0.21670428893905191,0.21670428893905191,0.21670428893905191,0.21670428893905191,4.258869908015769,32.41,10504081,low,760,8.08394570229562,1,0,0,0
32885,cash,12291,10198,2012-03-28,2014-08-14,1,869,0.6931471805599453,0.2890648263178878,0.8140438523452679,0.1,0.7389558232931727,1,0,0,0,0.21670428893905191,0.21670428893905191,0.21670428893905191,0.21670428893905191,14.127586206896552,122.91,151068681,low,869,9.416703923250376,1,0,0,1
26695,home,10378,11481,2008-08-26,2010-05-12,2,624,1.0986122886681098,0.45815690999132624,0.6813072439633638,0.2,0.2469879518072289,0,0,1,0,0.13544018058690746,0.13544018058690746,0.13544018058690746,0.13544018058690746,16.6048,207.56,107702884,low,1248,9.24753981296529,1,0,0,0
38537,credit,10498,11197,2007-05-16,2009-12-27,4,956,1.6094379124341003,0.6711877414712396,0.6896336386344712,0.4,0.9136546184738956,0,1,0,0,0.11512415349887133,0.11512415349887133,0.11512415349887133,0.11512415349887133,10.969696969696969,419.92,110208004,medium,3824,9.259035293514941,0,1,0,1
41472,other,986,11353,2013-07-28,2016-01-17,1,903,0.6931471805599453,0.2890648263178878,0.029628087704690536,0.1,0.8072289156626506,0,0,0,1,0.21670428893905191,0.21670428893905191,0.21670428893905191,0.21670428893905191,1.0907079646017699,9.86,972196,low,903,6.894670039433482,1,0,0,1
32961,credit,13783,10239,2013-07-05,2014-12-03,1,516,0.6931471805599453,0.2890648263178878,0.9175686927560366,0.1,0.030120481927710843,0,1,0,0,0.21670428893905191,0.21670428893905191,0.21670428893905191,0.21670428893905191,26.659574468085108,137.83,189971089,low,516,9.531263778207766,1,0,0,1
39505,credit,13115,11079,2007-01-25,2009-03-01,5,766,1.791759469228055,0.7472217363092141,0.8712184290868721,0.5,0.5321285140562249,0,1,0,0,0.0835214446952596,0.0835214446952596,0.0835214446952596,0.0835214446952596,17.09908735332464,655.75,172003225,medium,3830,9.48158813796454,0,1,0,0
49068,other,5155,11879,2001-06-14,2003-09-02,6,810,1.9459101490553132,0.8115075629572489,0.3189009159034138,0.6,0.6204819277108434,0,0,0,1,0.08803611738148984,0.08803611738148984,0.08803611738148984,0.08803611738148984,6.356350184956844,309.3,26574025,high,4860,8.547916364059079,0,0,1,1
44387,cash,6858,11475,2006-12-03,2009-03-19,1,837,0.6931471805599453,0.2890648263178878,0.4370663336108798,0.1,0.6746987951807228,1,0,0,0,0.21670428893905191,0.21670428893905191,0.21670428893905191,0.21670428893905191,8.183770883054892,68.58,47032164,low,837,8.83331693749932,1,0,0,1
49545,credit,4458,10192,2013-02-11,2014-09-11,4,577,1.6094379124341003,0.6711877414712396,0.27053844018873163,0.4,0.15261044176706828,0,1,0,0,0.11512415349887133,0.11512415349887133,0.11512415349887133,0.11512415349887133,7.71280276816609,178.32,19873764,medium,2308,8.402679804627477,0,1,0,1
26695,home,4698,11959,2003-03-19,2004-09-03,7,534,2.0794415416798357,0.8671944789536634,0.28719122953094645,0.7,0.06626506024096386,0,0,1,0,0.045146726862302484,0.045146726862302484,0.045146726862302484,0.045146726862302484,8.781308411214953,328.86,22071204,high,3738,8.455104999102815,0,0,1,0
29841,credit,14623,11827,2004-12-01,2007-04-08,6,858,1.9459101490553132,0.8115075629572489,0.9758534554537885,0.6,0.7168674698795181,0,1,0,0,0.08803611738148984,0.08803611738148984,0.08803611738148984,0.08803611738148984,17.023282887077997,877.38,213832129,high,5148,9.590419293693932,0,0,1,1
35214,home,11356,10275,2012-05-02,2014-06-06,1,765,0.6931471805599453,0.2890648263178878,0.7491673605328892,0.1,0.5301204819277109,0,0,1,0,0.21670428893905191,0.21670428893905191,0.21670428893905191,0.21670428893905191,14.825065274151436,113.56,128958736,low,765,9.337589572891646,1,0,0,0
46180,cash,5943,11317,2011-10-18,2013-11-03,7,747,2.0794415416798357,0.8671944789536634,0.3735775742436858,0.7,0.4939759036144578,1,0,0,0,0.045146726862302484,0.045146726862302484,0.045146726862302484,0.045146726862302484,7.945187165775401,416.01,35319249,high,5229,8.690137586397595,0,0,1,0
49545,other,8419,11054,2006-10-24,2009-07-05,1,985,0.6931471805599453,0.2890648263178878,0.5453788509575354,0.1,0.9718875502008032,0,0,0,1,0.21670428893905191,0.21670428893905191,0.21670428893905191,0.21670428893905191,8.538539553752535,84.19,70879561,low,985,9.038365107236372,1,0,0,1
49068,cash,6885,10706,2012-09-24,2014-06-03,3,617,1.3862943611198906,0.5781296526357756,0.438939772411879,0.3,0.23293172690763053,1,0,0,0,0.17155756207674944,0.17155756207674944,0.17155756207674944,0.17155756207674944,11.140776699029127,206.55,47403225,medium,1851,8.83724564389847,0,1,0,0
25707,cash,13913,11211,2011-11-24,2014-04-14,1,872,0.6931471805599453,0.2890648263178878,0.9265889536497364,0.1,0.7449799196787149,1,0,0,0,0.21670428893905191,0.21670428893905191,0.21670428893905191,0.21670428893905191,15.936998854524628,139.13,193571569,low,872,9.540650806483587,1,0,0,0
35089,home,13194,11221,2009-05-28,2011-04-01,4,673,1.6094379124341003,0.6711877414712396,0.8766999722453511,0.4,0.3453815261044177,0,0,1,0,0.11512415349887133,0.11512415349887133,0.11512415349887133,0.11512415349887133,19.57566765578635,527.76,174081636,medium,2692,9.487593248937424,0,1,0,1
26695,credit,2389,10197,2010-09-03,2013-01-09,4,859,1.6094379124341003,0.6711877414712396,0.126977518734388,0.4,0.7188755020080321,0,1,0,0,0.11512415349887133,0.11512415349887133,0.11512415349887133,0.11512415349887133,2.777906976744186,95.56,5707321,medium,3436,7.779048644925556,0,1,0,0
41480,home,12934,11878,2006-11-11,2008-10-30,2,719,1.0986122886681098,0.45815690999132624,0.8586594504579517,0.2,0.43775100401606426,0,0,1,0,0.13544018058690746,0.13544018058690746,0.13544018058690746,0.13544018058690746,17.96388888888889,258.68,167288356,low,1438,9.46769209462013,1,0,0,0
26326,home,3083,11706,2011-04-05,2012-10-10,7,554,2.0794415416798357,0.8671944789536634,0.17513183458229253,0.7,0.10642570281124498,0,0,1,0,0.045146726862302484,0.045146726862302484,0.045146726862302484,0.045146726862302484,5.554954954954955,215.81,9504889,high,3878,8.03398273468322,0,0,1,1
44601,cash,9532,10694,2006-10-17,2008-06-06,0,598,0.0,0.0,0.6226061615320566,0.0,0.19477911646586346,1,0,0,0,0.09029345372460497,0.09029345372460497,0.09029345372460497,0.09029345372460497,15.913188647746244,0.0,90859024,low,0,9.162514742493578,1,0,0,0
44387,cash,765,10080,2000-07-05,2003-03-28,5,996,1.791759469228055,0.7472217363092141,0.014293644185401055,0.5,0.9939759036144579,1,0,0,0,0.0835214446952596,0.0835214446952596,0.0835214446952596,0.0835214446952596,0.7673019057171514,38.25,585225,medium,4980,6.641182169740591,0,1,0,0
49545,other,11434,10864,2001-09-22,2004-05-26,3,977,1.3862943611198906,0.5781296526357756,0.7545795170691091,0.3,0.9558232931726908,0,0,0,1,0.17155756207674944,0.17155756207674944,0.17155756207674944,0.17155756207674944,11.69120654396728,343.02,130736356,medium,2931,9.344434106456882,0,1,0,0
41480,other,3332,10313,2012-09-28,2014-09-21,1,723,0.6931471805599453,0.2890648263178878,0.19240910352484042,0.1,0.4457831325301205,0,0,0,1,0.21670428893905191,0.21670428893905191,0.21670428893905191,0.21670428893905191,4.602209944751381,33.32,11102224,low,723,8.11162807830774,1,0,0,0
35089,credit,6462,11759,2010-04-10,2012-06-24,1,806,0.6931471805599453,0.2890648263178878,0.40958923119622537,0.1,0.6124497991967871,0,1,0,0,0.21670428893905191,0.21670428893905191,0.21670428893905191,0.21670428893905191,8.007434944237918,64.62,41757444,low,806,8.773848885262895,1,0,0,1
26326,other,1411,10729,2009-01-07,2011-02-24,3,778,1.3862943611198906,0.5781296526357756,0.059117402164862616,0.3,0.5562248995983936,0,0,0,1,0.17155756207674944,0.17155756207674944,0.17155756207674944,0.17155756207674944,1.8112965340179719,42.33,1990921,medium,2334,7.252762418053187,0,1,0,0
44601,home,4930,10732,2003-02-15,2005-01-09,3,694,1.3862943611198906,0.5781296526357756,0.30328892589508744,0.3,0.38755020080321284,0,0,1,0,0.17155756207674944,0.17155756207674944,0.17155756207674944,0.17155756207674944,7.093525179856115,147.9,24304900,medium,2082,8.503297086224126,0,1,0,0
25707,other,12048,11987,2010-10-20,2013-02-04,0,838,0.0,0.0,0.7971829031362754,0.0,0.6767068273092369,0,0,0,1,0.09029345372460497,0.09029345372460497,0.09029345372460497,0.09029345372460497,14.35995232419547,0.0,145154304,low,0,9.396736947923277,1,0,0,0
26695,cash,2650,10612,2004-10-29,2007-02-20,2,844,1.0986122886681098,0.45815690999132624,0.14508742714404663,0.2,0.6887550200803213,1,0,0,0,0.13544018058690746,0.13544018058690746,0.13544018058690746,0.13544018058690746,3.136094674556213,53.0,7022500,low,1688,7.8826922062890254,1,0,0,0
35214,other,1887,10456,2011-07-09,2013-07-27,3,749,1.3862943611198906,0.5781296526357756,0.09214543436025534,0.3,0.4979919678714859,0,0,0,1,0.17155756207674944,0.17155756207674944,0.17155756207674944,0.17155756207674944,2.516,56.61,3560769,medium,2247,7.543273346705446,0,1,0,1
26945,home,653,11230,2002-08-08,2004-05-01,3,632,1.3862943611198906,0.5781296526357756,0.006522342492367472,0.3,0.26305220883534136,0,0,1,0,0.17155756207674944,0.17155756207674944,0.17155756207674944,0.17155756207674944,1.0315955766192733,19.59,426409,medium,1896,6.483107351457199,0,1,0,0
44387,home,2623,11876,2003-06-23,2005-06-29,4,737,1.6094379124341003,0.6711877414712396,0.14321398834304747,0.4,0.4738955823293173,0,0,1,0,0.11512415349887133,0.11512415349887133,0.11512415349887133,0.11512415349887133,3.55420054200542,104.92,6880129,medium,2948,7.8724551500639794,0,1,0,1
32726,other,5325,10858,2014-04-02,2016-10-30,3,942,1.3862943611198906,0.5781296526357756,0.33069664168748264,0.3,0.8855421686746988,0,0,0,1,0.17155756207674944,0.17155756207674944,0.17155756207674944,0.17155756207674944,5.646871686108166,159.75,28355625,medium,2826,8.580355766373877,0,1,0,1
38537,home,14637,10115,2011-07-10,2013-11-01,5,845,1.791759469228055,0.7472217363092141,0.9768248681654177,0.5,0.6907630522088354,0,0,1,0,0.0835214446952596,0.0835214446952596,0.0835214446952596,0.0835214446952596,17.30141843971631,731.85,214241769,medium,4225,9.591376166161172,0,1,0,0
26326,other,1164,11960,2014-08-02,2017-01-29,0,911,0.0,0.0,0.041978906466833193,0.0,0.8232931726907631,0,0,0,1,0.09029345372460497,0.09029345372460497,0.09029345372460497,0.09029345372460497,1.2763157894736843,0.0,1354896,low,0,7.060476365999801,1,0,0,0
46180,cash,2628,10038,2000-06-18,2002-04-06,3,657,1.3862943611198906,0.5781296526357756,0.1435609214543436,0.3,0.3132530120481928,1,0,0,0,0.17155756207674944,0.17155756207674944,0.17155756207674944,0.17155756207674944,3.9939209726443767,78.84,6906384,medium,1971,7.874358824729881,0,1,0,1
41480,cash,11016,11890,2008-10-29,2011-01-26,1,819,0.6931471805599453,0.2890648263178878,0.7255759089647515,0.1,0.6385542168674698,1,0,0,0,0.21670428893905191,0.21670428893905191,0.21670428893905191,0.21670428893905191,13.434146341463414,110.16,121352256,low,819,9.307194813340065,1,0,0,1
44601,credit,10120,10177,2001-11-03,2004-02-13,2,832,1.0986122886681098,0.45815690999132624,0.6634054954204829,0.2,0.6646586345381527,0,1,0,0,0.13544018058690746,0.13544018058690746,0.13544018058690746,0.13544018058690746,12.148859543817528,202.4,102414400,low,1664,9.222367752188902,1,0,0,0
32726,credit,9562,10045,2004-03-02,2005-08-29,4,545,1.6094379124341003,0.6711877414712396,0.6246877601998335,0.4,0.08835341365461848,0,1,0,0,0.11512415349887133,0.11512415349887133,0.11512415349887133,0.11512415349887133,17.512820512820515,382.48,91431844,medium,2180,9.165656764349542,0,1,0,1
35214,home,6513,11594,2007-07-01,2008-12-18,8,536,2.1972245773362196,0.9163138199826525,0.413127948931446,0.8,0.07028112449799197,0,0,1,0,0.013544018058690745,0.013544018058690745,0.013544018058690745,0.013544018058690745,12.128491620111731,521.04,42419169,high,4288,8.781708985836179,0,0,1,1
29841,cash,4718,11175,2014-03-08,2015-09-13,3,554,1.3862943611198906,0.5781296526357756,0.288578961976131,0.3,0.10642570281124498,1,0,0,0,0.17155756207674944,0.17155756207674944,0.17155756207674944,0.17155756207674944,8.5009009009009,141.54,22259524,medium,1662,8.459352191726387,0,1,0,0
39384,cash,8646,10538,2014-03-10,2016-11-27,2,993,1.0986122886681098,0.45815690999132624,0.5611296142103802,0.2,0.9879518072289156,1,0,0,0,0.13544018058690746,0.13544018058690746,0.13544018058690746,0.13544018058690746,8.698189134808853,172.92,74753316,low,1986,9.06496771896043,1,0,0,1
46180,other,11679,10810,2014-04-15,2016-07-27,2,834,1.0986122886681098,0.45815690999132624,0.7715792395226201,0.2,0.6686746987951807,0,0,0,1,0.13544018058690746,0.13544018058690746,0.13544018058690746,0.13544018058690746,13.986826347305389,233.58,136399041,low,1668,9.365633256382218,1,0,0,0
39384,credit,6634,11336,2007-04-18,2008-10-24,2,555,1.0986122886681098,0.45815690999132624,0.42152373022481265,0.2,0.10843373493975904,0,1,0,0,0.13544018058690746,0.13544018058690746,0.13544018058690746,0.13544018058690746,11.931654676258994,132.68,44009956,low,1110,8.800113946766308,1,0,0,1
49068,other,10082,10131,2014-10-10,2016-05-25,1,593,0.6931471805599453,0.2890648263178878,0.6607688037746322,0.1,0.18473895582329317,0,0,0,1,0.21670428893905191,0.21670428893905191,0.21670428893905191,0.21670428893905191,16.973063973063972,100.82,101646724,low,593,9.218606116393214,1,0,0,1
44387,home,8770,11588,2005-05-29,2007-07-15,4,777,1.6094379124341003,0.6711877414712396,0.5697335553705246,0.4,0.5542168674698795,0,0,1,0,0.11512415349887133,0.11512415349887133,0.11512415349887133,0.11512415349887133,11.272493573264782,350.8,76912900,medium,3108,9.079206103951382,0,1,0,1
49545,cash,10422,10709,2008-11-04,2010-09-14,0,679,0.0,0.0,0.6843602553427699,0.0,0.357429718875502,1,0,0,0,0.09029345372460497,0.09029345372460497,0.09029345372460497,0.09029345372460497,15.326470588235294,0.0,108618084,low,0,9.251770181739323,1,0,0,1
41480,cash,12581,11461,2009-10-29,2011-07-08,2,617,1.0986122886681098,0.45815690999132624,0.834165972800444,0.2,0.23293172690763053,1,0,0,0,0.13544018058690746,0.13544018058690746,0.13544018058690746,0.13544018058690746,20.357605177993527,251.62,158281561,low,1234,9.440022500129976,1,0,0,1
25707,other,10422,11126,2013-01-27,2015-02-01,9,735,2.302585092994046,0.9602525677891275,0.6843602553427699,0.9,0.46987951807228917,0,0,0,1,0.029345372460496615,0.029345372460496615,0.029345372460496615,0.029345372460496615,14.160326086956522,937.98,108618084,high,6615,9.251770181739323,0,0,1,0
38537,credit,2396,10308,2002-04-13,2003-11-06,8,572,2.1972245773362196,0.9163138199826525,0.1274632250902026,0.8,0.142570281124498,0,1,0,0,0.013544018058690745,0.013544018058690745,0.013544018058690745,0.013544018058690745,4.181500872600349,191.68,5740816,high,4576,7.781973234434385,0,0,1,1
42320,home,12090,11443,2010-03-07,2011-09-12,1,554,0.6931471805599453,0.2890648263178878,0.8000971412711629,0.1,0.10642570281124498,0,0,1,0,0.21670428893905191,0.21670428893905191,0.21670428893905191,0.21670428893905191,21.783783783783782,120.9,146168100,low,554,9.400216653174247,1,0,0,1
41472,cash,7779,10094,2001-10-23,2004-02-13,9,843,2.302585092994046,0.9602525677891275,0.5009714127116291,0.9,0.6867469879518072,1,0,0,0,0.029345372460496615,0.029345372460496615,0.029345372460496615,0.029345372460496615,9.216824644549764,700.11,60512841,high,7587,8.959311617172437,0,0,1,1
49068,home,13338,10060,2012-07-02,2014-12-14,0,895,0.0,0.0,0.8866916458506799,0.0,0.7911646586345381,0,0,1,0,0.09029345372460497,0.09029345372460497,0.09029345372460497,0.09029345372460497,14.886160714285714,0.0,177902244,low,0,9.498447354141044,1,0,0,0
32885,other,11142,11320,2009-05-29,2010-11-06,0,526,0.0,0.0,0.7343186233694143,0.0,0.050200803212851405,0,0,0,1,0.09029345372460497,0.09029345372460497,0.09029345372460497,0.09029345372460497,21.142314990512332,0.0,124144164,low,0,9.318566777047053,1,0,0,1
46958,home,9641,11361,2007-03-10,2009-03-02,2,723,1.0986122886681098,0.45815690999132624,0.6301693033583126,0.2,0.4457831325301205,0,0,1,0,0.13544018058690746,0.13544018058690746,0.13544018058690746,0.13544018058690746,13.316298342541437,192.82,92948881,low,1446,9.173883834965567,1,0,0,0
49068,cash,11871,11154,2011-10-15,2013-11-07,4,754,1.6094379124341003,0.6711877414712396,0.7849014709963918,0.4,0.5080321285140562,1,0,0,0,0.11512415349887133,0.11512415349887133,0.11512415349887133,0.11512415349887133,15.72317880794702,474.84,140920641,medium,3016,9.381937965407161,0,1,0,1
35214,cash,13309,11023,2007-06-09,2009-11-21,3,896,1.3862943611198906,0.5781296526357756,0.8846794338051623,0.3,0.7931726907630522,1,0,0,0,0.17155756207674944,0.17155756207674944,0.17155756207674944,0.17155756207674944,14.837235228539576,399.27,177129481,medium,2688,9.496270911389157,0,1,0,0
29841,home,13683,10851,2009-09-16,2011-03-15,4,545,1.6094379124341003,0.6711877414712396,0.9106300305301138,0.4,0.08835341365461848,0,0,1,0,0.11512415349887133,0.11512415349887133,0.11512415349887133,0.11512415349887133,25.060439560439562,547.32,187224489,medium,2180,9.523982546097495,0,1,0,0
29841,credit,14721,11045,2005-02-09,2007-06-09,7,850,2.0794415416798357,0.8671944789536634,0.9826533444351929,0.7,0.7008032128514057,0,1,0,0,0.045146726862302484,0.045146726862302484,0.045146726862302484,0.045146726862302484,17.29847238542891,1030.47,216707841,high,5950,9.59709825261865,0,0,1,0
46180,home,14081,11026,2013-11-02,2016-05-04,3,914,1.3862943611198906,0.5781296526357756,0.9382459061892867,0.3,0.8293172690763052,0,0,1,0,0.17155756207674944,0.17155756207674944,0.17155756207674944,0.17155756207674944,15.389071038251366,422.43,198274561,medium,2742,9.552652665079078,0,1,0,0
48177,other,7237,11850,2009-09-17,2011-03-08,6,537,1.9459101490553132,0.8115075629572489,0.4633638634471274,0.6,0.07228915662650602,0,0,0,1,0.08803611738148984,0.08803611738148984,0.08803611738148984,0.08803611738148984,13.451672862453531,434.22,52374169,high,3222,8.887100204123687,0,0,1,0
35089,home,6263,10210,2011-12-01,2014-03-24,1,844,0.6931471805599453,0.2890648263178878,0.3957812933666389,0.1,0.6887550200803213,0,0,1,0,0.21670428893905191,0.21670428893905191,0.21670428893905191,0.21670428893905191,7.411834319526627,62.63,39225169,low,844,8.74257423767064,1,0,0,1
25707,credit,6371,11942,2011-01-15,2013-02-21,6,768,1.9459101490553132,0.8115075629572489,0.40327504857063556,0.6,0.536144578313253,0,1,0,0,0.08803611738148984,0.08803611738148984,0.08803611738148984,0.08803611738148984,8.28478543563069,382.26,40589641,high,4608,8.759668671029939,0,0,1,0
48177,credit,659,10684,2014-10-05,2017-01-16,2,834,1.0986122886681098,0.45815690999132624,0.006938662225922842,0.2,0.6686746987951807,0,1,0,0,0.13544018058690746,0.13544018058690746,0.13544018058690746,0.13544018058690746,0.7892215568862275,13.18,434281,low,1668,6.492239835020471,1,0,0,1
41480,home,921,10292,2000-05-22,2003-01-13,3,966,1.3862943611198906,0.5781296526357756,0.02511795725784069,0.3,0.9337349397590361,0,0,1,0,0.17155756207674944,0.17155756207674944,0.17155756207674944,0.17155756207674944,0.9524301964839711,27.63,848241,medium,2898,6.826545223556594,0,1,0,1
35089,other,6048,10594,2012-06-17,2014-08-02,3,776,1.3862943611198906,0.5781296526357756,0.3808631695809048,0.3,0.5522088353413654,0,0,0,1,0.17155756207674944,0.17155756207674944,0.17155756207674944,0.17155756207674944,7.783783783783784,181.44,36578304,medium,2328,8.707648248106914,0,1,0,1
46180,other,8643,10379,2000-11-03,2003-03-31,1,878,0.6931471805599453,0.2890648263178878,0.5609214543436025,0.1,0.7570281124497992,0,0,0,1,0.21670428893905191,0.21670428893905191,0.21670428893905191,0.21670428893905191,9.832764505119455,86.43,74701449,low,878,9.064620717626777,1,0,0,0
32961,other,4239,10802,2003-11-08,2006-04-30,4,904,1.6094379124341003,0.6711877414712396,0.2553427699139606,0.4,0.8092369477911646,0,0,0,1,0.11512415349887133,0.11512415349887133,0.11512415349887133,0.11512415349887133,4.683977900552486,169.56,17969121,medium,3616,8.352318548226004,0,1,0,1
26326,cash,8794,11024,2003-04-25,2005-07-20,2,817,1.0986122886681098,0.45815690999132624,0.571398834304746,0.2,0.6345381526104418,1,0,0,0,0.13544018058690746,0.13544018058690746,0.13544018058690746,0.13544018058690746,10.750611246943766,175.88,77334436,low,1634,9.081938657171658,1,0,0,0
38537,other,9457,10276,2004-07-09,2006-06-01,2,692,1.0986122886681098,0.45815690999132624,0.6174021648626145,0.2,0.38353413654618473,0,0,0,1,0.13544018058690746,0.13544018058690746,0.13544018058690746,0.13544018058690746,13.646464646464647,189.14,89434849,low,1384,9.15461622320382,1,0,0,1
44387,other,6562,10862,2002-12-22,2005-01-18,1,758,0.6931471805599453,0.2890648263178878,0.4165278934221482,0.1,0.5160642570281124,0,0,0,1,0.21670428893905191,0.21670428893905191,0.21670428893905191,0.21670428893905191,8.645586297760211,65.62,43059844,low,758,8.789203094473724,1,0,0,1
26945,credit,1728,10248,2004-01-27,2005-06-21,5,511,1.791759469228055,0.7472217363092141,0.08111296142103802,0.5,0.020080321285140562,0,1,0,0,0.0835214446952596,0.0835214446952596,0.0835214446952596,0.0835214446952596,3.375,86.4,2985984,medium,2555,7.455298485683291,0,1,0,1
32726,home,5036,11031,2009-03-27,2010-09-24,3,546,1.3862943611198906,0.5781296526357756,0.31064390785456564,0.3,0.09036144578313253,0,0,1,0,0.17155756207674944,0.17155756207674944,0.17155756207674944,0.17155756207674944,9.206581352833638,151.08,25361296,medium,1638,8.52456594574565,0,1,0,0
46180,cash,8320,10670,2005-08-24,2008-05-16,6,996,1.9459101490553132,0.8115075629572489,0.5385095753538718,0.6,0.9939759036144579,1,0,0,0,0.08803611738148984,0.08803611738148984,0.08803611738148984,0.08803611738148984,8.345035105315947,499.2,69222400,high,5976,9.02653771890043,0,0,1,0
35214,home,3743,11060,2000-04-21,2002-05-03,8,742,2.1972245773362196,0.9163138199826525,0.2209270052733833,0.8,0.4839357429718876,0,0,1,0,0.013544018058690745,0.013544018058690745,0.013544018058690745,0.013544018058690745,5.037685060565276,299.44,14010049,high,5936,8.227909837597483,0,0,1,0
25707,cash,12623,11790,2004-09-15,2007-01-23,4,860,1.6094379124341003,0.6711877414712396,0.8370802109353317,0.4,0.7208835341365462,1,0,0,0,0.11512415349887133,0.11512415349887133,0.11512415349887133,0.11512415349887133,14.660859465737515,504.92,159340129,medium,3440,9.443355043085656,0,1,0,1
26945,other,13726,11442,2007-05-16,2010-01-12,1,972,0.6931471805599453,0.2890648263178878,0.9136136552872606,0.1,0.9457831325301205,0,0,0,1,0.21670428893905191,0.21670428893905191,0.21670428893905191,0.21670428893905191,14.10688591983556,137.26,188403076,low,972,9.52711997525166,1,0,0,0
38537,credit,2451,11331,2001-12-24,2004-03-06,0,803,0.0,0.0,0.13127948931446018,0.0,0.606425702811245,0,1,0,0,0.09029345372460497,0.09029345372460497,0.09029345372460497,0.09029345372460497,3.048507462686567,0.0,6007401,low,0,7.804659297056102,1,0,0,0
35214,home,3852,11147,2005-09-20,2007-09-22,2,732,1.0986122886681098,0.45815690999132624,0.2284901470996392,0.2,0.463855421686747,0,0,1,0,0.13544018058690746,0.13544018058690746,0.13544018058690746,0.13544018058690746,5.2551159618008185,77.04,14837904,low,1464,8.256607344626158,1,0,0,0
35089,cash,10017,11561,2000-05-24,2002-06-15,2,752,1.0986122886681098,0.45815690999132624,0.6562586733277824,0.2,0.5040160642570282,1,0,0,0,0.13544018058690746,0.13544018058690746,0.13544018058690746,0.13544018058690746,13.302788844621514,200.34,100340289,low,1504,9.212138753917563,1,0,0,0
35089,credit,5732,11492,2006-03-04,2007-08-01,2,515,1.0986122886681098,0.45815690999132624,0.3589369969469886,0.2,0.028112449799196786,0,1,0,0,0.13544018058690746,0.13544018058690746,0.13544018058690746,0.13544018058690746,11.108527131782946,114.64,32855824,low,1030,8.653994232908383,1,0,0,0
46958,cash,2737,10655,2001-12-09,2004-04-01,6,844,1.9459101490553132,0.8115075629572489,0.1511240632805995,0.6,0.6887550200803213,1,0,0,0,0.08803611738148984,0.08803611738148984,0.08803611738148984,0.08803611738148984,3.2390532544378696,164.22,7491169,high,5064,7.914983005848394,0,0,1,0
32961,credit,6000,10552,2004-12-28,2007-09-16,6,992,1.9459101490553132,0.8115075629572489,0.37753261171246183,0.6,0.9859437751004017,0,1,0,0,0.08803611738148984,0.08803611738148984,0.08803611738148984,0.08803611738148984,6.042296072507553,360.0,36000000,high,5952,8.699681400989514,0,0,1,0
35089,credit,6336,10106,2003-04-10,2004-09-29,5,538,1.791759469228055,0.7472217363092141,0.4008465167915626,0.5,0.07429718875502007,0,1,0,0,0.0835214446952596,0.0835214446952596,0.0835214446952596,0.0835214446952596,11.755102040816327,316.8,40144896,medium,2690,8.754160749323518,0,1,0,1
41472,home,1270,11855,2014-04-17,2015-10-28,10,559,2.3978952727983707,1.0,0.04933388842631141,1.0,0.11646586345381527,0,0,1,0,0.011286681715575621,0.011286681715575621,0.011286681715575621,0.011286681715575621,2.267857142857143,127.0,1612900,high,5590,7.147559271189454,0,0,1,0
39384,cash,11728,11700,2007-04-20,2009-11-09,6,934,1.9459101490553132,0.8115075629572489,0.7749791840133222,0.6,0.8694779116465864,1,0,0,0,0.08803611738148984,0.08803611738148984,0.08803611738148984,0.08803611738148984,12.54331550802139,703.68,137545984,high,5604,9.369819686521504,0,0,1,0
41480,other,10967,11022,2013-12-28,2016-04-28,3,852,1.3862943611198906,0.5781296526357756,0.7221759644740494,0.3,0.7048192771084337,0,0,0,1,0.17155756207674944,0.17155756207674944,0.17155756207674944,0.17155756207674944,12.856975381008207,329.01,120275089,medium,2556,9.30273722124215,0,1,0,1
38537,cash,3418,11991,2005-02-02,2006-10-10,1,615,0.6931471805599453,0.2890648263178878,0.19837635303913406,0.1,0.2289156626506024,1,0,0,0,0.21670428893905191,0.21670428893905191,0.21670428893905191,0.21670428893905191,5.548701298701299,34.18,11682724,low,615,8.137103389639302,1,0,0,0
29841,other,13164,11716,2010-08-28,2012-02-19,1,540,0.6931471805599453,0.2890648263178878,0.8746183735775742,0.1,0.0783132530120482,0,0,0,1,0.21670428893905191,0.21670428893905191,0.21670428893905191,0.21670428893905191,24.33271719038817,131.64,173290896,low,540,9.48531707193041,1,0,0,1
26695,cash,9606,11853,2003-11-04,2005-04-29,2,542,1.0986122886681098,0.45815690999132624,0.6277407715792396,0.2,0.0823293172690763,1,0,0,0,0.13544018058690746,0.13544018058690746,0.13544018058690746,0.13544018058690746,17.69060773480663,192.12,92275236,low,1084,9.170247278409738,1,0,0,1
41472,cash,12571,11266,2004-09-20,2006-09-20,1,730,0.6931471805599453,0.2890648263178878,0.8334721065778518,0.1,0.4598393574297189,1,0,0,0,0.21670428893905191,0.21670428893905191,0.21670428893905191,0.21670428893905191,17.196990424076606,125.71,158030041,low,730,9.439227397917458,1,0,0,1
49545,home,8354,10816,2000-03-08,2001-08-02,0,512,0.0,0.0,0.5408687205106856,0.0,0.02208835341365462,0,0,1,0,0.09029345372460497,0.09029345372460497,0.09029345372460497,0.09029345372460497,16.28460038986355,0.0,69789316,low,0,9.030615441029495,1,0,0,1
44601,home,8635,10700,2004-03-08,2006-10-07,5,943,1.791759469228055,0.7472217363092141,0.5603663613655288,0.5,0.8875502008032129,0,0,1,0,0.0835214446952596,0.0835214446952596,0.0835214446952596,0.0835214446952596,9.147245762711865,431.75,74563225,medium,4715,9.063694791634697,0,1,0,1
29841,home,4241,10589,2006-01-20,2008-07-17,3,909,1.3862943611198906,0.5781296526357756,0.25548154315847904,0.3,0.8192771084337349,0,0,1,0,0.17155756207674944,0.17155756207674944,0.17155756207674944,0.17155756207674944,4.660439560439561,127.23,17986081,medium,2727,8.352790135124629,0,1,0,0
41472,credit,4078,11041,2011-09-18,2013-03-02,0,531,0.0,0.0,0.24417152373022483,0.0,0.060240963855421686,0,1,0,0,0.09029345372460497,0.09029345372460497,0.09029345372460497,0.09029345372460497,7.665413533834586,0.0,16630084,low,0,8.313607139317558,1,0,0,0
35214,credit,6352,11685,2003-04-03,2005-06-25,2,814,1.0986122886681098,0.45815690999132624,0.4019567027477102,0.2,0.6285140562248996,0,1,0,0,0.13544018058690746,0.13544018058690746,0.13544018058690746,0.13544018058690746,7.793865030674847,127.04,40347904,low,1628,8.756682421266532,1,0,0,0
44601,home,4475,10362,2005-07-29,2007-07-06,7,707,2.0794415416798357,0.8671944789536634,0.2717180127671385,0.7,0.41365461847389556,0,0,1,0,0.045146726862302484,0.045146726862302484,0.045146726862302484,0.045146726862302484,6.320621468926554,313.25,20025625,high,4949,8.406485069431817,0,0,1,1
32885,cash,11050,10919,2009-12-18,2011-06-27,3,556,1.3862943611198906,0.5781296526357756,0.7279350541215653,0.3,0.11044176706827309,1,0,0,0,0.17155756207674944,0.17155756207674944,0.17155756207674944,0.17155756207674944,19.838420107719926,331.5,122102500,medium,1668,9.310276200588783,0,1,0,1
32885,home,11649,11610,2010-09-07,2012-05-12,1,613,0.6931471805599453,0.2890648263178878,0.7694976408548432,0.1,0.2248995983935743,0,0,1,0,0.21670428893905191,0.21670428893905191,0.21670428893905191,0.21670428893905191,18.97231270358306,116.49,135699201,low,613,9.363061458993847,1,0,0,1
32726,other,5804,10424,2011-04-21,2013-04-16,4,726,1.6094379124341003,0.6711877414712396,0.3639328337496531,0.4,0.45180722891566266,0,0,0,1,0.11512415349887133,0.11512415349887133,0.11512415349887133,0.11512415349887133,7.983493810178817,232.16,33686416,medium,2904,8.666474894131992,0,1,0,0
29841,other,9115,10144,2001-10-22,2004-05-16,4,937,1.6094379124341003,0.6711877414712396,0.5936719400499584,0.4,0.8755020080321285,0,0,0,1,0.11512415349887133,0.11512415349887133,0.11512415349887133,0.11512415349887133,9.717484008528785,364.6,83083225,medium,3748,9.117786390365575,0,1,0,0
41480,credit,8624,11277,2011-11-09,2013-12-05,1,757,0.6931471805599453,0.2890648263178878,0.5596031085206772,0.1,0.5140562248995983,0,1,0,0,0.21670428893905191,0.21670428893905191,0.21670428893905191,0.21670428893905191,11.37730870712401,86.24,74373376,low,757,9.062420241899561,1,0,0,1
39505,cash,12991,10143,2004-08-28,2006-09-14,4,747,1.6094379124341003,0.6711877414712396,0.8626144879267277,0.4,0.4939759036144578,1,0,0,0,0.11512415349887133,0.11512415349887133,0.11512415349887133,0.11512415349887133,17.36764705882353,519.64,168766081,medium,2988,9.472089062401459,0,1,0,1
49545,other,8172,11866,2002-02-06,2004-10-02,1,969,0.6931471805599453,0.2890648263178878,0.528240355259506,0.1,0.9397590361445783,0,0,0,1,0.21670428893905191,0.21670428893905191,0.21670428893905191,0.21670428893905191,8.424742268041237,81.72,66781584,low,969,9.00859131751613,1,0,0,1
26326,credit,5275,11072,2014-11-11,2016-07-17,1,614,0.6931471805599453,0.2890648263178878,0.32722731057452126,0.1,0.22690763052208834,0,1,0,0,0.21670428893905191,0.21670428893905191,0.21670428893905191,0.21670428893905191,8.577235772357724,52.75,27825625,low,614,8.570923513837204,1,0,0,0
49545,home,14971,11247,2011-07-26,2013-12-15,0,873,0.0,0.0,1.0,0.0,0.7469879518072289,0,0,1,0,0.09029345372460497,0.09029345372460497,0.09029345372460497,0.09029345372460497,17.12929061784897,0.0,224130841,low,0,9.61393706902432,1,0,0,1
46109,home,8406,11259,2011-10-22,2013-06-11,0,598,0.0,0.0,0.5444768248681654,0.0,0.19477911646586346,0,0,1,0,0.09029345372460497,0.09029345372460497,0.09029345372460497,0.09029345372460497,14.03338898163606,0.0,70660836,low,0,9.036819971135296,1,0,0,0
49545,home,10519,10425,2001-09-27,2004-03-04,1,889,0.6931471805599453,0.2890648263178878,0.6910907577019151,0.1,0.7791164658634538,0,0,1,0,0.21670428893905191,0.21670428893905191,0.21670428893905191,0.21670428893905191,11.819101123595505,105.19,110649361,low,889,9.261033486291701,1,0,0,1
48177,credit,12216,10697,2007-05-07,2009-07-25,6,810,1.9459101490553132,0.8115075629572489,0.8088398556758257,0.6,0.6204819277108434,0,1,0,0,0.08803611738148984,0.08803611738148984,0.08803611738148984,0.08803611738148984,15.06288532675709,732.96,149230656,high,4860,9.41058370340406,0,0,1,0
41480,home,10773,10755,2003-09-16,2005-08-14,7,698,2.0794415416798357,0.8671944789536634,0.708714959755759,0.7,0.39558232931726905,0,0,1,0,0.045146726862302484,0.045146726862302484,0.045146726862302484,0.045146726862302484,15.412017167381974,754.11,116057529,high,4886,9.28489110324048,0,0,1,0
41480,home,3812,11861,2005-06-18,2007-10-19,1,853,0.6931471805599453,0.2890648263178878,0.22571468220927005,0.1,0.7068273092369478,0,0,1,0,0.21670428893905191,0.21670428893905191,0.21670428893905191,0.21670428893905191,4.4637002341920375,38.12,14531344,low,853,8.246171559857563,1,0,0,0
25707,home,4025,10660,2005-05-09,2007-08-26,1,839,0.6931471805599453,0.2890648263178878,0.2404940327504857,0.1,0.678714859437751,0,0,1,0,0.21670428893905191,0.21670428893905191,0.21670428893905191,0.21670428893905191,4.791666666666667,40.25,16200625,low,839,8.300528606199737,1,0,0,1
32885,home,3704,11128,2007-09-12,2009-02-15,0,522,0.0,0.0,0.21822092700527337,0.0,0.04216867469879518,0,0,1,0,0.09029345372460497,0.09029345372460497,0.09029345372460497,0.09029345372460497,7.082217973231358,0.0,13719616,low,0,8.217438537730187,1,0,0,0
44387,cash,2559,10690,2014-02-24,2016-06-11,3,838,1.3862943611198906,0.5781296526357756,0.13877324451845685,0.3,0.6767068273092369,1,0,0,0,0.17155756207674944,0.17155756207674944,0.17155756207674944,0.17155756207674944,3.0500595947556617,76.77,6548481,medium,2514,7.847762537473608,0,1,0,0
25707,other,11467,11499,2011-10-27,2014-01-09,5,805,1.791759469228055,0.7472217363092141,0.7568692756036636,0.5,0.6104417670682731,0,0,0,1,0.0835214446952596,0.0835214446952596,0.0835214446952596,0.0835214446952596,14.227047146401985,573.35,131492089,medium,4025,9.34731582700326,0,1,0,1
49624,home,8133,10312,2009-03-14,2011-03-21,10,737,2.3978952727983707,1.0,0.5255342769913961,1.0,0.4738955823293173,0,0,1,0,0.011286681715575621,0.011286681715575621,0.011286681715575621,0.011286681715575621,11.020325203252032,813.3,66145689,high,7370,9.00380808646717,0,0,1,1
25707,cash,5467,10244,2006-12-28,2008-08-05,2,586,1.0986122886681098,0.45815690999132624,0.3405495420482931,0.2,0.1706827309236948,1,0,0,0,0.13544018058690746,0.13544018058690746,0.13544018058690746,0.13544018058690746,9.313458262350936,109.34,29888089,low,1172,8.60666819784384,1,0,0,0
49624,credit,2461,10185,2012-10-26,2015-05-30,4,946,1.6094379124341003,0.6711877414712396,0.13197335553705244,0.4,0.893574297188755,0,1,0,0,0.11512415349887133,0.11512415349887133,0.11512415349887133,0.11512415349887133,2.5987328405491024,98.44,6056521,medium,3784,7.808729306744399,0,1,0,1
41480,other,4922,10251,2005-09-19,2007-05-19,6,607,1.9459101490553132,0.8115075629572489,0.3027338329170136,0.6,0.21285140562248997,0,0,0,1,0.08803611738148984,0.08803611738148984,0.08803611738148984,0.08803611738148984,8.095394736842104,295.32,24226084,high,3642,8.5016733797582,0,0,1,1
42320,home,2877,10603,2004-10-27,2007-06-13,1,959,0.6931471805599453,0.2890648263178878,0.16083819039689148,0.1,0.9196787148594378,0,0,1,0,0.21670428893905191,0.21670428893905191,0.21670428893905191,0.21670428893905191,2.996875,28.77,8277129,low,959,7.964850887447313,1,0,0,1
48177,cash,14740,11261,2009-01-27,2010-12-06,1,678,0.6931471805599453,0.2890648263178878,0.9839716902581183,0.1,0.35542168674698793,1,0,0,0,0.21670428893905191,0.21670428893905191,0.21670428893905191,0.21670428893905191,21.70839469808542,147.4,217267600,low,678,9.598388006047278,1,0,0,0
44387,home,14900,11614,2011-01-04,2013-02-05,5,763,1.791759469228055,0.7472217363092141,0.9950735498195947,0.5,0.5261044176706827,0,0,1,0,0.0835214446952596,0.0835214446952596,0.0835214446952596,0.0835214446952596,19.50261780104712,745.0,222010000,medium,3815,9.60918360377546,0,1,0,0
49545,home,13618,10691,2001-11-17,2003-05-19,3,548,1.3862943611198906,0.5781296526357756,0.9061199000832639,0.3,0.09437751004016064,0,0,1,0,0.17155756207674944,0.17155756207674944,0.17155756207674944,0.17155756207674944,24.805100182149364,408.54,185449924,medium,1644,9.519221155568957,0,1,0,1
25707,home,5265,11884,2011-06-21,2013-03-18,4,636,1.6094379124341003,0.6711877414712396,0.32653344435192894,0.4,0.2710843373493976,0,0,1,0,0.11512415349887133,0.11512415349887133,0.11512415349887133,0.11512415349887133,8.26530612244898,210.6,27720225,medium,2544,8.569026340056254,0,1,0,0
25707,credit,5200,10205,2010-02-27,2012-07-08,6,862,1.9459101490553132,0.8115075629572489,0.3220233139050791,0.6,0.7248995983935743,0,1,0,0,0.08803611738148984,0.08803611738148984,0.08803611738148984,0.08803611738148984,6.025492468134415,312.0,27040000,high,5172,8.556606193773073,0,0,1,1
26695,home,3504,11276,2001-09-29,2003-10-28,0,759,0.0,0.0,0.2043436025534277,0.0,0.5180722891566265,0,0,1,0,0.09029345372460497,0.09029345372460497,0.09029345372460497,0.09029345372460497,4.610526315789474,0.0,12278016,low,0,8.16194579946869,1,0,0,0
26326,credit,12377,10671,2010-04-10,2011-11-03,1,572,0.6931471805599453,0.2890648263178878,0.8200111018595615,0.1,0.142570281124498,0,1,0,0,0.21670428893905191,0.21670428893905191,0.21670428893905191,0.21670428893905191,21.600349040139616,123.77,153190129,low,572,9.423675982299306,1,0,0,0
35214,home,9389,10336,2014-03-18,2016-05-07,1,781,0.6931471805599453,0.2890648263178878,0.612683874548987,0.1,0.5622489959839357,0,0,1,0,0.21670428893905191,0.21670428893905191,0.21670428893905191,0.21670428893905191,12.006393861892583,93.89,88153321,low,781,9.147400572202308,1,0,0,0
46109,other,10067,10422,2004-04-05,2006-10-13,3,921,1.3862943611198906,0.5781296526357756,0.6597280044407439,0.3,0.8433734939759037,0,0,0,1,0.17155756207674944,0.17155756207674944,0.17155756207674944,0.17155756207674944,10.918655097613883,302.01,101344489,medium,2763,9.217117356255207,0,1,0,1
39505,home,2274,11140,2000-01-26,2002-01-29,1,734,0.6931471805599453,0.2890648263178878,0.11899805717457675,0.1,0.4678714859437751,0,0,1,0,0.21670428893905191,0.21670428893905191,0.21670428893905191,0.21670428893905191,3.093877551020408,22.74,5171076,low,734,7.729735331385051,1,0,0,1
32726,other,3576,11975,2009-08-15,2011-08-08,3,723,1.3862943611198906,0.5781296526357756,0.20933943935609214,0.3,0.4457831325301205,0,0,0,1,0.17155756207674944,0.17155756207674944,0.17155756207674944,0.17155756207674944,4.939226519337017,107.28,12787776,medium,2169,8.182279739259018,0,1,0,1
25707,other,2477,10009,2009-05-25,2011-02-17,2,633,1.0986122886681098,0.45815690999132624,0.13308354149320012,0.2,0.26506024096385544,0,0,0,1,0.13544018058690746,0.13544018058690746,0.13544018058690746,0.13544018058690746,3.906940063091483,49.54,6135529,low,1266,7.815207062189088,1,0,0,1
46958,home,12139,10174,2001-02-19,2003-07-04,5,865,1.791759469228055,0.7472217363092141,0.8034970857618651,0.5,0.7309236947791165,0,0,1,0,0.0835214446952596,0.0835214446952596,0.0835214446952596,0.0835214446952596,14.017321016166282,606.95,147355321,medium,4325,9.40426106461349,0,1,0,0
35214,home,10800,11420,2013-07-06,2015-08-14,2,769,1.0986122886681098,0.45815690999132624,0.7105883985567583,0.2,0.5381526104417671,0,0,1,0,0.13544018058690746,0.13544018058690746,0.13544018058690746,0.13544018058690746,14.025974025974026,216.0,116640000,low,1538,9.287394001418473,1,0,0,1
49624,cash,11943,11310,2002-10-26,2004-12-01,6,767,1.9459101490553132,0.8115075629572489,0.7898973077990563,0.6,0.5341365461847389,1,0,0,0,0.08803611738148984,0.08803611738148984,0.08803611738148984,0.08803611738148984,15.55078125,716.58,142635249,high,4602,9.387984339219026,0,0,1,0
35089,cash,3703,11939,2005-07-23,2007-09-03,7,772,2.0794415416798357,0.8671944789536634,0.21815154038301415,0.7,0.5441767068273092,1,0,0,0,0.045146726862302484,0.045146726862302484,0.045146726862302484,0.045146726862302484,4.7904269081500646,259.21,13712209,high,5404,8.21716859576607,0,0,1,0
32726,credit,7499,10285,2012-10-07,2015-03-12,3,886,1.3862943611198906,0.5781296526357756,0.4815431584790452,0.3,0.7730923694779116,0,1,0,0,0.17155756207674944,0.17155756207674944,0.17155756207674944,0.17155756207674944,8.454340473506202,224.97,56235001,medium,2658,8.922658299524402,0,1,0,1
46958,other,10377,11278,2008-04-10,2009-12-31,1,630,0.6931471805599453,0.2890648263178878,0.6812378573411046,0.1,0.25903614457831325,0,0,0,1,0.21670428893905191,0.21670428893905191,0.21670428893905191,0.21670428893905191,16.445324881141048,103.77,107682129,low,630,9.247443459927686,1,0,0,0
39505,cash,9600,10966,2014-06-27,2017-02-15,0,964,0.0,0.0,0.6273244518456842,0.0,0.929718875502008,1,0,0,0,0.09029345372460497,0.09029345372460497,0.09029345372460497,0.09029345372460497,9.94818652849741,0.0,92160000,low,0,9.169622538697624,1,0,0,0
46180,credit,9282,10664,2008-03-03,2010-05-16,3,804,1.3862943611198906,0.5781296526357756,0.6052595059672495,0.3,0.608433734939759,0,1,0,0,0.17155756207674944,0.17155756207674944,0.17155756207674944,0.17155756207674944,11.530434782608696,278.46,86155524,medium,2412,9.135940049399933,0,1,0,1
46958,other,7372,10091,2000-07-13,2002-09-15,5,794,1.791759469228055,0.7472217363092141,0.47273105745212324,0.5,0.5883534136546185,0,0,0,1,0.0835214446952596,0.0835214446952596,0.0835214446952596,0.0835214446952596,9.272955974842768,368.6,54346384,medium,3970,8.90557995798965,0,1,0,0
35214,cash,11873,10693,2011-06-27,2014-02-28,3,977,1.3862943611198906,0.5781296526357756,0.7850402442409103,0.3,0.9558232931726908,1,0,0,0,0.17155756207674944,0.17155756207674944,0.17155756207674944,0.17155756207674944,12.140081799591002,356.19,140968129,medium,2931,9.38210641483062,0,1,0,1
39505,home,2865,10692,2012-08-02,2014-07-14,4,711,1.6094379124341003,0.6711877414712396,0.16000555092978075,0.4,0.42168674698795183,0,0,1,0,0.11512415349887133,0.11512415349887133,0.11512415349887133,0.11512415349887133,4.023876404494382,114.6,8208225,medium,2844,7.960672608388117,0,1,0,0
26326,cash,6147,10491,2003-06-01,2005-07-15,3,775,1.3862943611198906,0.5781296526357756,0.3877324451845684,0.3,0.5502008032128514,1,0,0,0,0.17155756207674944,0.17155756207674944,0.17155756207674944,0.17155756207674944,7.921391752577319,184.41,37785609,medium,2325,8.723882104658486,0,1,0,1
49545,other,13010,11345,2009-12-13,2011-08-30,2,625,1.0986122886681098,0.45815690999132624,0.863932833749653,0.2,0.24899598393574296,0,0,0,1,0.13544018058690746,0.13544018058690746,0.13544018058690746,0.13544018058690746,20.782747603833865,260.2,169260100,low,1250,9.473550432503476,1,0,0,1
46958,cash,6596,10537,2005-08-25,2008-03-29,2,947,1.0986122886681098,0.45815690999132624,0.418887038578962,0.2,0.8955823293172691,1,0,0,0,0.13544018058690746,0.13544018058690746,0.13544018058690746,0.13544018058690746,6.957805907172996,131.92,43507216,low,1894,8.794370279222871,1,0,0,1
32961,credit,12553,11113,2001-09-08,2003-06-15,3,645,1.3862943611198906,0.5781296526357756,0.8322231473771857,0.3,0.2891566265060241,0,1,0,0,0.17155756207674944,0.17155756207674944,0.17155756207674944,0.17155756207674944,19.431888544891642,376.59,157577809,medium,1935,9.437794618877478,0,1,0,1
41480,home,14399,11328,2005-06-09,2007-11-16,1,890,0.6931471805599453,0.2890648263178878,0.9603108520677214,0.1,0.7811244979919679,0,0,1,0,0.21670428893905191,0.21670428893905191,0.21670428893905191,0.21670428893905191,16.160493827160494,143.99,207331201,low,890,9.574983485564092,1,0,0,1
39384,home,9554,11787,2010-12-29,2013-06-16,0,900,0.0,0.0,0.6241326672217596,0.0,0.8012048192771084,0,0,1,0,0.09029345372460497,0.09029345372460497,0.09029345372460497,0.09029345372460497,10.60377358490566,0.0,91278916,low,0,9.164819856674374,1,0,0,0
26695,other,10022,11848,2010-11-22,2013-06-14,3,935,1.3862943611198906,0.5781296526357756,0.6566056064390785,0.3,0.8714859437751004,0,0,0,1,0.17155756207674944,0.17155756207674944,0.17155756207674944,0.17155756207674944,10.707264957264957,300.66,100440484,medium,2805,9.212637731024866,0,1,0,0
46109,home,12656,11658,2006-05-26,2007-10-15,4,507,1.6094379124341003,0.6711877414712396,0.8393699694698862,0.4,0.012048192771084338,0,0,1,0,0.11512415349887133,0.11512415349887133,0.11512415349887133,0.11512415349887133,24.913385826771652,506.24,160174336,medium,2028,9.44596570079245,0,1,0,0
39505,other,14575,11650,2006-06-22,2008-09-04,1,805,0.6931471805599453,0.2890648263178878,0.9725228975853455,0.1,0.6104417670682731,0,0,0,1,0.21670428893905191,0.21670428893905191,0.21670428893905191,0.21670428893905191,18.083126550868485,145.75,212430625,low,805,9.58713161949974,1,0,0,1
35089,home,1543,11484,2013-02-21,2015-03-04,3,741,1.3862943611198906,0.5781296526357756,0.06827643630308076,0.3,0.4819277108433735,0,0,1,0,0.17155756207674944,0.17155756207674944,0.17155756207674944,0.17155756207674944,2.079514824797844,46.29,2380849,medium,2223,7.342131730584722,0,1,0,0
46109,other,1618,11661,2006-08-28,2009-04-23,6,969,1.9459101490553132,0.8115075629572489,0.0734804329725229,0.6,0.9397590361445783,0,0,0,1,0.08803611738148984,0.08803611738148984,0.08803611738148984,0.08803611738148984,1.6680412371134021,97.08,2617924,high,5814,7.389563953677635,0,0,1,0
39384,credit,10703,11038,2002-05-29,2004-05-16,9,718,2.302585092994046,0.9602525677891275,0.7038578961976131,0.9,0.4357429718875502,0,1,0,0,0.029345372460496615,0.029345372460496615,0.029345372460496615,0.029345372460496615,14.885952712100138,963.27,114554209,high,6462,9.27837278236801,0,0,1,1
44387,home,4506,11315,2002-08-15,2004-10-04,2,781,1.0986122886681098,0.45815690999132624,0.2738689980571746,0.2,0.5622489959839357,0,0,1,0,0.13544018058690746,0.13544018058690746,0.13544018058690746,0.13544018058690746,5.7621483375959075,90.12,20304036,low,1562,8.413387022690648,1,0,0,0
32885,other,4949,10891,2010-07-02,2012-12-26,1,908,0.6931471805599453,0.2890648263178878,0.3046072717180128,0.1,0.8172690763052208,0,0,0,1,0.21670428893905191,0.21670428893905191,0.21670428893905191,0.21670428893905191,5.444444444444445,49.49,24492601,low,908,8.507142855562735,1,0,0,1
26945,cash,9249,11482,2013-12-24,2016-05-11,3,869,1.3862943611198906,0.5781296526357756,0.6029697474326949,0.3,0.7389558232931727,1,0,0,0,0.17155756207674944,0.17155756207674944,0.17155756207674944,0.17155756207674944,10.63103448275862,277.47,85544001,medium,2607,9.132378830506472,0,1,0,1
26945,other,9329,10154,2001-12-17,2004-07-22,6,948,1.9459101490553132,0.8115075629572489,0.6085206772134333,0.6,0.8975903614457831,0,0,0,1,0.08803611738148984,0.08803611738148984,0.08803611738148984,0.08803611738148984,9.830347734457323,559.74,87030241,high,5688,9.140990293841389,0,0,1,0
35089,credit,4489,11244,2009-09-06,2012-01-13,2,859,1.0986122886681098,0.45815690999132624,0.2726894254787677,0.2,0.7188755020080321,0,1,0,0,0.13544018058690746,0.13544018058690746,0.13544018058690746,0.13544018058690746,5.219767441860465,89.78,20151121,low,1718,8.4096079807363,1,0,0,0
49624,credit,9296,10714,2003-04-28,2005-05-04,3,737,1.3862943611198906,0.5781296526357756,0.6062309186788787,0.3,0.4738955823293173,0,1,0,0,0.17155756207674944,0.17155756207674944,0.17155756207674944,0.17155756207674944,12.59620596205962,278.88,86415616,medium,2211,9.137447046455858,0,1,0,1
46180,home,3022,11204,2003-11-22,2005-05-18,8,543,2.1972245773362196,0.9163138199826525,0.1708992506244796,0.8,0.08433734939759036,0,0,1,0,0.013544018058690745,0.013544018058690745,0.013544018058690745,0.013544018058690745,5.555147058823529,241.76,9132484,high,4344,8.014004994779459,0,0,1,0
26326,other,10261,11386,2013-05-17,2015-10-07,1,873,0.6931471805599453,0.2890648263178878,0.6731890091590341,0.1,0.7469879518072289,0,0,0,1,0.21670428893905191,0.21670428893905191,0.21670428893905191,0.21670428893905191,11.740274599542333,102.61,105288121,low,873,9.23620303150191,1,0,0,1
41480,credit,2947,10302,2005-11-10,2008-03-16,10,857,2.3978952727983707,1.0,0.16569525395503748,1.0,0.714859437751004,0,1,0,0,0.011286681715575621,0.011286681715575621,0.011286681715575621,0.011286681715575621,3.4347319347319347,294.7,8684809,high,8570,7.988882253309227,0,0,1,1
49068,other,13789,10470,2011-05-29,2013-09-08,2,833,1.0986122886681098,0.45815690999132624,0.917985012489592,0.2,0.6666666666666666,0,0,0,1,0.13544018058690746,0.13544018058690746,0.13544018058690746,0.13544018058690746,16.533573141486812,275.78,190136521,low,1666,9.531698970787348,1,0,0,1
29841,credit,6012,11965,2000-03-25,2002-07-10,5,837,1.791759469228055,0.7472217363092141,0.3783652511795726,0.5,0.6746987951807228,0,1,0,0,0.0835214446952596,0.0835214446952596,0.0835214446952596,0.0835214446952596,7.174224343675418,300.6,36144144,medium,4185,8.70167907103957,0,1,0,0
35089,home,9175,11547,2003-04-02,2005-04-21,5,750,1.791759469228055,0.7472217363092141,0.5978351373855121,0.5,0.5,0,0,1,0,0.0835214446952596,0.0835214446952596,0.0835214446952596,0.0835214446952596,12.217043941411452,458.75,84180625,medium,3750,9.124346658809207,0,1,0,1
32961,cash,2630,10906,2012-04-21,2014-06-14,4,784,1.6094379124341003,0.6711877414712396,0.14369969469886207,0.4,0.5682730923694779,1,0,0,0,0.11512415349887133,0.11512415349887133,0.11512415349887133,0.11512415349887133,3.3503184713375798,105.2,6916900,medium,3136,7.875119281040293,0,1,0,0
49068,credit,6620,11953,2012-02-12,2014-06-19,0,858,0.0,0.0,0.42055231751318345,0.0,0.7168674698795181,0,1,0,0,0.09029345372460497,0.09029345372460497,0.09029345372460497,0.09029345372460497,7.706635622817229,0.0,43824400,low,0,8.798001694924846,1,0,0,0
26945,home,4197,10333,2003-10-16,2005-07-10,4,633,1.6094379124341003,0.6711877414712396,0.252428531779073,0.4,0.26506024096385544,0,0,1,0,0.11512415349887133,0.11512415349887133,0.11512415349887133,0.11512415349887133,6.6198738170347005,167.88,17614809,medium,2532,8.342363500380579,0,1,0,0
46180,other,7020,11553,2000-11-07,2003-04-13,4,887,1.6094379124341003,0.6711877414712396,0.44830696641687484,0.4,0.7751004016064257,0,0,0,1,0.11512415349887133,0.11512415349887133,0.11512415349887133,0.11512415349887133,7.905405405405405,280.8,49280400,medium,3548,8.85666093701725,0,1,0,0
41472,other,8597,10639,2005-06-27,2007-11-21,7,877,2.0794415416798357,0.8671944789536634,0.5577296697196781,0.7,0.7550200803212851,0,0,0,1,0.045146726862302484,0.045146726862302484,0.045146726862302484,0.045146726862302484,9.791571753986332,601.79,73908409,high,6139,9.059284897056227,0,0,1,0
39384,home,10779,11441,2007-10-28,2010-04-29,6,914,1.9459101490553132,0.8115075629572489,0.7091312794893144,0.6,0.8293172690763052,0,0,1,0,0.08803611738148984,0.08803611738148984,0.08803611738148984,0.08803611738148984,11.780327868852458,646.74,116186841,high,5484,9.285447844462988,0,0,1,0
49068,cash,6473,11546,2002-09-01,2004-10-23,5,783,1.791759469228055,0.7472217363092141,0.4103524840410769,0.5,0.5662650602409639,1,0,0,0,0.0835214446952596,0.0835214446952596,0.0835214446952596,0.0835214446952596,8.256377551020408,323.65,41899729,medium,3915,8.775549434486189,0,1,0,1
32961,home,14257,11372,2010-05-25,2012-10-07,0,866,0.0,0.0,0.9504579517069109,0.0,0.7329317269076305,0,0,1,0,0.09029345372460497,0.09029345372460497,0.09029345372460497,0.09029345372460497,16.44405997693195,0.0,203262049,low,0,9.565073431677574,1,0,0,1
26695,other,9323,10468,2002-10-22,2005-03-17,3,877,1.3862943611198906,0.5781296526357756,0.6081043574798779,0.3,0.7550200803212851,0,0,0,1,0.17155756207674944,0.17155756207674944,0.17155756207674944,0.17155756207674944,10.618451025056947,279.69,86918329,medium,2631,9.140347000155648,0,1,0,1
25707,credit,10636,10562,2000-12-29,2003-05-24,5,876,1.791759469228055,0.7472217363092141,0.6992089925062448,0.5,0.7530120481927711,0,1,0,0,0.0835214446952596,0.0835214446952596,0.0835214446952596,0.0835214446952596,12.127708095781072,531.8,113124496,medium,4380,9.272093768251665,0,1,0,0
29841,credit,10537,10157,2010-08-04,2013-03-11,3,950,1.3862943611198906,0.5781296526357756,0.6923397169025812,0.3,0.9016064257028112,0,1,0,0,0.17155756207674944,0.17155756207674944,0.17155756207674944,0.17155756207674944,11.079915878023133,316.11,111028369,medium,2850,9.262743050769231,0,1,0,1
26326,other,13264,10543,2011-07-09,2013-06-05,1,697,0.6931471805599453,0.2890648263178878,0.8815570358034971,0.1,0.39357429718875503,0,0,0,1,0.21670428893905191,0.21670428893905191,0.21670428893905191,0.21670428893905191,19.002865329512893,132.64,175933696,low,697,9.49288426657184,1,0,0,1
49068,home,2105,10075,2001-04-12,2003-12-23,3,985,1.3862943611198906,0.5781296526357756,0.10727171801276714,0.3,0.9718875502008032,0,0,1,0,0.17155756207674944,0.17155756207674944,0.17155756207674944,0.17155756207674944,2.134888438133874,63.15,4431025,medium,2955,7.652545692693921,0,1,0,0
49068,cash,13910,10532,2006-07-12,2007-12-04,3,510,1.3862943611198906,0.5781296526357756,0.9263807937829587,0.3,0.018072289156626505,1,0,0,0,0.17155756207674944,0.17155756207674944,0.17155756207674944,0.17155756207674944,27.22113502935421,417.3,193488100,medium,1530,9.54043517305957,0,1,0,1
44387,cash,5508,11367,2011-01-07,2012-08-29,1,600,0.6931471805599453,0.2890648263178878,0.34339439356092144,0.1,0.19879518072289157,1,0,0,0,0.21670428893905191,0.21670428893905191,0.21670428893905191,0.21670428893905191,9.164725457570716,55.08,30338064,low,600,8.614138397472717,1,0,0,0
44387,cash,12799,11674,2001-10-04,2003-02-24,1,508,0.6931471805599453,0.2890648263178878,0.8492922564529559,0.1,0.014056224899598393,1,0,0,0,0.21670428893905191,0.21670428893905191,0.21670428893905191,0.21670428893905191,25.145383104125738,127.99,163814401,low,508,9.457200449907708,1,0,0,1
39384,cash,3557,11100,2014-04-21,2016-12-29,4,983,1.6094379124341003,0.6711877414712396,0.2080210935331668,0.4,0.9678714859437751,1,0,0,0,0.11512415349887133,0.11512415349887133,0.11512415349887133,0.11512415349887133,3.6148373983739837,142.28,12652249,medium,3932,8.17695386822578,0,1,0,0
42320,home,1136,11574,2012-04-08,2014-04-23,6,745,1.9459101490553132,0.8115075629572489,0.0400360810435748,0.6,0.4899598393574297,0,0,1,0,0.08803611738148984,0.08803611738148984,0.08803611738148984,0.08803611738148984,1.522788203753351,68.16,1290496,high,4470,7.036148493750536,0,0,1,0
42320,cash,5974,11538,2006-01-19,2008-04-29,3,831,1.3862943611198906,0.5781296526357756,0.3757285595337219,0.3,0.6626506024096386,1,0,0,0,0.17155756207674944,0.17155756207674944,0.17155756207674944,0.17155756207674944,7.180288461538462,179.22,35688676,medium,2493,8.695339376799712,0,1,0,0
42320,cash,13643,10728,2002-08-04,2004-05-10,1,645,0.6931471805599453,0.2890648263178878,0.9078545656397446,0.1,0.2891566265060241,1,0,0,0,0.21670428893905191,0.21670428893905191,0.21670428893905191,0.21670428893905191,21.11919504643963,136.43,186131449,low,645,9.521055143538536,1,0,0,1
41480,home,14290,10888,2003-11-01,2006-04-29,4,910,1.6094379124341003,0.6711877414712396,0.9527477102414654,0.4,0.821285140562249,0,0,1,0,0.11512415349887133,0.11512415349887133,0.11512415349887133,0.11512415349887133,15.686059275521405,571.6,204204100,medium,3640,9.567385247481795,0,1,0,0
49624,other,14421,10826,2004-09-03,2006-01-31,0,515,0.0,0.0,0.9618373577574244,0.0,0.028112449799196786,0,0,0,1,0.09029345372460497,0.09029345372460497,0.09029345372460497,0.09029345372460497,27.947674418604652,0.0,207965241,low,0,9.576510097476705,1,0,0,0
46109,credit,7339,10328,2001-09-24,2003-08-31,1,706,0.6931471805599453,0.2890648263178878,0.4704412989175687,0.1,0.41164658634538154,0,1,0,0,0.21670428893905191,0.21670428893905191,0.21670428893905191,0.21670428893905191,10.38048090523338,73.39,53860921,low,706,8.901094121608562,1,0,0,1
48177,home,5536,10956,2001-01-06,2002-06-19,1,529,0.6931471805599453,0.2890648263178878,0.34533721898417985,0.1,0.05622489959839357,0,0,1,0,0.21670428893905191,0.21670428893905191,0.21670428893905191,0.21670428893905191,10.445283018867924,55.36,30647296,low,529,8.619208116822968,1,0,0,1
49545,home,7061,11514,2014-03-16,2015-12-30,4,654,1.6094379124341003,0.6711877414712396,0.4511518179295032,0.4,0.3072289156626506,0,0,1,0,0.11512415349887133,0.11512415349887133,0.11512415349887133,0.11512415349887133,10.780152671755726,282.44,49857721,medium,2616,8.862483576488332,0,1,0,1
32726,other,1234,11537,2007-09-05,2009-09-01,5,727,1.791759469228055,0.7472217363092141,0.04683597002497918,0.5,0.4538152610441767,0,0,0,1,0.0835214446952596,0.0835214446952596,0.0835214446952596,0.0835214446952596,1.695054945054945,61.7,1522756,medium,3635,7.118826249062078,0,1,0,0
38537,other,5776,10392,2012-10-27,2014-10-21,1,724,0.6931471805599453,0.2890648263178878,0.36199000832639466,0.1,0.44779116465863456,0,0,0,1,0.21670428893905191,0.21670428893905191,0.21670428893905191,0.21670428893905191,7.966896551724138,57.76,33362176,low,724,8.661639795781266,1,0,0,1
29841,home,13862,11730,2013-03-12,2015-12-01,6,994,1.9459101490553132,0.8115075629572489,0.9230502359145156,0.6,0.9899598393574297,0,0,1,0,0.08803611738148984,0.08803611738148984,0.08803611738148984,0.08803611738148984,13.931658291457287,831.72,192155044,high,5964,9.536978699538377,0,0,1,0
44601,credit,14104,10277,2011-01-12,2012-12-22,4,710,1.6094379124341003,0.6711877414712396,0.9398417985012489,0.4,0.41967871485943775,0,1,0,0,0.11512415349887133,0.11512415349887133,0.11512415349887133,0.11512415349887133,19.836849507735582,564.16,198922816,medium,2840,9.554284623436097,0,1,0,1
32961,home,4964,11631,2004-08-22,2006-06-02,4,649,1.6094379124341003,0.6711877414712396,0.30564807105190117,0.4,0.2971887550200803,0,0,1,0,0.11512415349887133,0.11512415349887133,0.11512415349887133,0.11512415349887133,7.636923076923077,198.56,24641296,medium,2596,8.510168576479273,0,1,0,0
35089,cash,2568,11418,2006-01-04,2008-06-15,2,893,1.0986122886681098,0.45815690999132624,0.1393977241187899,0.2,0.7871485943775101,1,0,0,0,0.13544018058690746,0.13544018058690746,0.13544018058690746,0.13544018058690746,2.87248322147651,51.36,6594624,low,1786,7.851271997109883,1,0,0,1
39384,credit,1825,11798,2013-08-19,2015-10-07,2,779,1.0986122886681098,0.45815690999132624,0.08784346378018318,0.2,0.5582329317269076,0,1,0,0,0.13544018058690746,0.13544018058690746,0.13544018058690746,0.13544018058690746,2.33974358974359,36.5,3330625,low,1558,7.509883061154913,1,0,0,1
39505,other,6484,10407,2011-02-14,2012-12-07,1,662,0.6931471805599453,0.2890648263178878,0.4111157368859284,0.1,0.3232931726907631,0,0,0,1,0.21670428893905191,0.21670428893905191,0.21670428893905191,0.21670428893905191,9.779788838612369,64.84,42042256,low,662,8.777247096750544,1,0,0,1
49545,other,14074,11215,2013-04-23,2014-11-16,1,572,0.6931471805599453,0.2890648263178878,0.9377601998334721,0.1,0.142570281124498,0,0,0,1,0.21670428893905191,0.21670428893905191,0.21670428893905191,0.21670428893905191,24.56195462478185,140.74,198077476,low,572,9.552155453007892,1,0,0,1
49545,cash,3851,11033,2011-04-27,2014-01-07,1,986,0.6931471805599453,0.2890648263178878,0.22842076047737997,0.1,0.9738955823293173,1,0,0,0,0.21670428893905191,0.21670428893905191,0.21670428893905191,0.21670428893905191,3.901722391084093,38.51,14830201,low,986,8.256347772918016,1,0,0,1
35089,home,10947,11793,2000-09-08,2003-01-14,1,858,0.6931471805599453,0.2890648263178878,0.7207882320288649,0.1,0.7168674698795181,0,0,1,0,0.21670428893905191,0.21670428893905191,0.21670428893905191,0.21670428893905191,12.743888242142026,109.47,119836809,low,858,9.30091207016057,1,0,0,0
32961,credit,2275,11448,2002-10-12,2004-06-29,9,626,2.302585092994046,0.9602525677891275,0.11906744379683597,0.9,0.25100401606425704,0,1,0,0,0.029345372460496615,0.029345372460496615,0.029345372460496615,0.029345372460496615,3.6283891547049443,204.75,5175625,high,5634,7.730174795246222,0,0,1,0
46180,other,12325,11816,2014-03-11,2016-07-16,6,858,1.9459101490553132,0.8115075629572489,0.8164029975020816,0.6,0.7168674698795181,0,0,0,1,0.08803611738148984,0.08803611738148984,0.08803611738148984,0.08803611738148984,14.348079161816065,739.5,151905625,high,5148,9.419466131522189,0,0,1,1
48177,home,5818,10261,2014-08-26,2017-01-26,1,884,0.6931471805599453,0.2890648263178878,0.3649042464612823,0.1,0.7690763052208835,0,0,1,0,0.21670428893905191,0.21670428893905191,0.21670428893905191,0.21670428893905191,6.574011299435028,58.18,33849124,low,884,8.66888370465667,1,0,0,1
44601,other,6232,11183,2003-10-17,2006-04-04,7,900,2.0794415416798357,0.8671944789536634,0.3936303080766028,0.7,0.8012048192771084,0,0,0,1,0.045146726862302484,0.045146726862302484,0.045146726862302484,0.045146726862302484,6.916759156492786,436.24,38837824,high,6300,8.73761303680885,0,0,1,1
41472,credit,5554,11792,2006-02-13,2008-08-16,5,915,1.791759469228055,0.7472217363092141,0.34658617818484594,0.5,0.8313253012048193,0,1,0,0,0.0835214446952596,0.0835214446952596,0.0835214446952596,0.0835214446952596,6.063318777292577,277.7,30846916,medium,4575,8.62245370207373,0,1,0,1
26695,home,3915,10947,2008-12-08,2011-04-17,0,860,0.0,0.0,0.23286150430197058,0.0,0.7208835341365462,0,0,1,0,0.09029345372460497,0.09029345372460497,0.09029345372460497,0.09029345372460497,4.547038327526132,0.0,15327225,low,0,8.272826003650401,1,0,0,1
42320,home,5784,10909,2005-06-22,2007-06-19,2,727,1.0986122886681098,0.45815690999132624,0.3625451013044685,0.2,0.4538152610441767,0,0,1,0,0.13544018058690746,0.13544018058690746,0.13544018058690746,0.13544018058690746,7.945054945054945,115.68,33454656,low,1454,8.663023639627777,1,0,0,1
48177,other,6318,10224,2003-02-02,2005-05-08,10,826,2.3978952727983707,1.0,0.3995975575908965,1.0,0.6526104417670683,0,0,0,1,0.011286681715575621,0.011286681715575621,0.011286681715575621,0.011286681715575621,7.639661426844015,631.8,39917124,high,8260,8.751316246773456,0,0,1,0
44601,credit,7232,10475,2005-08-19,2007-12-07,4,840,1.6094379124341003,0.6711877414712396,0.46301693033583124,0.4,0.6807228915662651,0,1,0,0,0.11512415349887133,0.11512415349887133,0.11512415349887133,0.11512415349887133,8.599286563614744,289.28,52301824,medium,3360,8.886409166849282,0,1,0,1
32726,credit,9141,11488,2003-05-21,2004-11-24,2,553,1.0986122886681098,0.45815690999132624,0.5954759922286983,0.2,0.10441767068273092,0,1,0,0,0.13544018058690746,0.13544018058690746,0.13544018058690746,0.13544018058690746,16.5,182.82,83557881,low,1106,9.12063445889169,1,0,0,0
42320,credit,1070,10769,2011-11-13,2014-02-19,1,829,0.6931471805599453,0.2890648263178878,0.03545656397446572,0.1,0.6586345381526104,0,1,0,0,0.21670428893905191,0.21670428893905191,0.21670428893905191,0.21670428893905191,1.2891566265060241,10.7,1144900,low,829,6.976348070447749,1,0,0,1
42320,home,3851,11208,2002-12-13,2004-10-01,0,658,0.0,0.0,0.22842076047737997,0.0,0.3152610441767068,0,0,1,0,0.09029345372460497,0.09029345372460497,0.09029345372460497,0.09029345372460497,5.843702579666161,0.0,14830201,low,0,8.256347772918016,1,0,0,1
46109,home,13672,10243,2002-04-16,2003-12-20,2,613,1.0986122886681098,0.45815690999132624,0.9098667776852623,0.2,0.2248995983935743,0,0,1,0,0.13544018058690746,0.13544018058690746,0.13544018058690746,0.13544018058690746,22.267100977198698,273.44,186923584,low,1226,9.523178364309082,1,0,0,0
32961,credit,10602,11427,2008-06-05,2009-12-19,4,562,1.6094379124341003,0.6711877414712396,0.696849847349431,0.4,0.12248995983935743,0,1,0,0,0.11512415349887133,0.11512415349887133,0.11512415349887133,0.11512415349887133,18.83126110124334,424.08,112402404,medium,2248,9.268892258925797,0,1,0,1
32961,other,13674,11932,2013-11-24,2016-08-08,2,988,1.0986122886681098,0.45815690999132624,0.9100055509297807,0.2,0.9779116465863453,0,0,0,1,0.13544018058690746,0.13544018058690746,0.13544018058690746,0.13544018058690746,13.826086956521738,273.48,186978276,low,1976,9.523324627290181,1,0,0,0
35214,home,5236,11587,2005-02-18,2006-08-31,1,559,0.6931471805599453,0.2890648263178878,0.32452123230641133,0.1,0.11646586345381527,0,0,1,0,0.21670428893905191,0.21670428893905191,0.21670428893905191,0.21670428893905191,9.35,52.36,27415696,low,559,8.563504094279487,1,0,0,1
26945,credit,3510,10196,2002-07-14,2004-08-10,3,758,1.3862943611198906,0.5781296526357756,0.20475992228698306,0.3,0.5160642570281124,0,1,0,0,0.17155756207674944,0.17155756207674944,0.17155756207674944,0.17155756207674944,4.624505928853755,105.3,12320100,medium,2274,8.163656176168432,0,1,0,0
39505,other,10333,11896,2004-03-04,2006-06-03,0,821,0.0,0.0,0.6781848459616986,0.0,0.642570281124498,0,0,0,1,0.09029345372460497,0.09029345372460497,0.09029345372460497,0.09029345372460497,12.570559610705596,0.0,106770889,low,0,9.24319470884713,1,0,0,0
29841,cash,14837,11927,2010-09-18,2012-12-22,0,826,0.0,0.0,0.9907021926172634,0.0,0.6526104417670683,1,0,0,0,0.09029345372460497,0.09029345372460497,0.09029345372460497,0.09029345372460497,17.94074969770254,0.0,220136569,low,0,9.604946736749472,1,0,0,1
25707,credit,8267,10104,2010-08-02,2012-05-21,3,658,1.3862943611198906,0.5781296526357756,0.5348320843741327,0.3,0.3152610441767068,0,1,0,0,0.17155756207674944,0.17155756207674944,0.17155756207674944,0.17155756207674944,12.544764795144157,248.01,68343289,medium,1974,9.020147920801659,0,1,0,0
46180,other,3834,10887,2014-05-03,2016-02-24,1,662,0.6931471805599453,0.2890648263178878,0.22724118789897307,0.1,0.3232931726907631,0,0,0,1,0.21670428893905191,0.21670428893905191,0.21670428893905191,0.21670428893905191,5.782805429864253,38.34,14699556,low,662,8.251924713801357,1,0,0,0
49545,other,4131,10939,2008-10-13,2010-02-26,4,501,1.6094379124341003,0.6711877414712396,0.24784901470996393,0.4,0.0,0,0,0,1,0.11512415349887133,0.11512415349887133,0.11512415349887133,0.11512415349887133,8.229083665338646,165.24,17065161,medium,2004,8.326516830239528,0,1,0,0
29841,cash,9394,11617,2011-04-25,2013-04-02,6,708,1.9459101490553132,0.8115075629572489,0.6130308076602831,0.6,0.41566265060240964,1,0,0,0,0.08803611738148984,0.08803611738148984,0.08803611738148984,0.08803611738148984,13.249647390691115,563.64,88247236,high,4248,9.147932911847565,0,0,1,1
46180,credit,2569,11672,2013-03-02,2015-03-05,1,733,0.6931471805599453,0.2890648263178878,0.13946711074104912,0.1,0.46586345381526106,0,1,0,0,0.21670428893905191,0.21670428893905191,0.21670428893905191,0.21670428893905191,3.5,25.69,6599761,low,733,7.851661177889265,1,0,0,1
46109,home,12734,10990,2006-02-01,2007-07-05,1,519,0.6931471805599453,0.2890648263178878,0.844782126006106,0.1,0.03614457831325301,0,0,1,0,0.21670428893905191,0.21670428893905191,0.21670428893905191,0.21670428893905191,24.48846153846154,127.34,162154756,low,519,9.452109387413557,1,0,0,1
49624,credit,14679,11524,2006-04-03,2008-04-12,6,740,1.9459101490553132,0.8115075629572489,0.9797391063003053,0.6,0.4799196787148594,0,1,0,0,0.08803611738148984,0.08803611738148984,0.08803611738148984,0.08803611738148984,19.809716599190285,880.74,215473041,high,4440,9.594241302168507,0,0,1,1
49068,cash,2106,11713,2007-03-22,2008-08-04,3,501,1.3862943611198906,0.5781296526357756,0.10734110463502637,0.3,0.0,1,0,0,0,0.17155756207674944,0.17155756207674944,0.17155756207674944,0.17155756207674944,4.195219123505976,63.18,4435236,medium,1503,7.653020413804189,0,1,0,0
26695,cash,14865,11604,2009-04-09,2011-09-18,3,892,1.3862943611198906,0.5781296526357756,0.9926450180405217,0.3,0.785140562248996,1,0,0,0,0.17155756207674944,0.17155756207674944,0.17155756207674944,0.17155756207674944,16.646136618141096,445.95,220968225,medium,2676,9.60683200528524,0,1,0,0
32885,cash,10305,10240,2007-06-21,2009-01-25,0,584,0.0,0.0,0.6762420205384402,0.0,0.16666666666666666,1,0,0,0,0.09029345372460497,0.09029345372460497,0.09029345372460497,0.09029345372460497,17.615384615384617,0.0,106193025,low,0,9.24048152888817,1,0,0,0
49624,home,11750,10072,2003-10-17,2005-11-04,1,749,0.6931471805599453,0.2890648263178878,0.7765056897030252,0.1,0.4979919678714859,0,0,1,0,0.21670428893905191,0.21670428893905191,0.21670428893905191,0.21670428893905191,15.666666666666666,117.5,138062500,low,749,9.371693622333941,1,0,0,0
39384,credit,1770,10868,2013-08-03,2016-04-28,3,999,1.3862943611198906,0.5781296526357756,0.08402719955592562,0.3,1.0,0,1,0,0,0.17155756207674944,0.17155756207674944,0.17155756207674944,0.17155756207674944,1.77,53.1,3132900,medium,2997,7.479299637782834,0,1,0,1
32961,cash,1732,10426,2010-06-06,2012-04-20,2,684,1.0986122886681098,0.45815690999132624,0.08139050791007493,0.2,0.3674698795180723,1,0,0,0,0.13544018058690746,0.13544018058690746,0.13544018058690746,0.13544018058690746,2.5284671532846716,34.64,2999824,low,1368,7.457609289715606,1,0,0,0
44387,credit,7279,10109,2014-03-20,2016-06-18,4,821,1.6094379124341003,0.6711877414712396,0.466278101582015,0.4,0.642570281124498,0,1,0,0,0.11512415349887133,0.11512415349887133,0.11512415349887133,0.11512415349887133,8.855231143552311,291.16,52983841,medium,3284,8.892886141190731,0,1,0,1
32961,cash,1693,11669,2014-05-06,2017-01-19,1,989,0.6931471805599453,0.2890648263178878,0.07868442964196502,0.1,0.9799196787148594,1,0,0,0,0.21670428893905191,0.21670428893905191,0.21670428893905191,0.21670428893905191,1.7101010101010101,16.93,2866249,low,989,7.434847875211999,1,0,0,1
49624,other,2361,11002,2006-09-28,2008-07-22,4,663,1.6094379124341003,0.6711877414712396,0.12503469331112962,0.4,0.3253012048192771,0,0,0,1,0.11512415349887133,0.11512415349887133,0.11512415349887133,0.11512415349887133,3.555722891566265,94.44,5574321,medium,2652,7.767263996757308,0,1,0,0
26695,credit,3455,11728,2002-03-03,2004-07-29,2,879,1.0986122886681098,0.45815690999132624,0.20094365806272552,0.2,0.7590361445783133,0,1,0,0,0.13544018058690746,0.13544018058690746,0.13544018058690746,0.13544018058690746,3.9261363636363638,69.1,11937025,low,1758,8.147867129923947,1,0,0,0
48177,cash,809,10098,2000-06-09,2002-09-01,7,814,2.0794415416798357,0.8671944789536634,0.017346655564807106,0.7,0.6285140562248996,1,0,0,0,0.045146726862302484,0.045146726862302484,0.045146726862302484,0.045146726862302484,0.992638036809816,56.63,654481,high,5698,6.697034247666484,0,0,1,0
44387,home,12465,10682,2005-03-03,2007-06-01,3,820,1.3862943611198906,0.5781296526357756,0.8261171246183736,0.3,0.6405622489959839,0,0,1,0,0.17155756207674944,0.17155756207674944,0.17155756207674944,0.17155756207674944,15.182704019488428,373.95,155376225,medium,2460,9.430760217368796,0,1,0,0
39505,cash,11647,11928,2003-07-28,2005-12-24,10,880,2.3978952727983707,1.0,0.7693588676103247,1.0,0.7610441767068273,1,0,0,0,0.011286681715575621,0.011286681715575621,0.011286681715575621,0.011286681715575621,13.220204313280362,1164.7,135652609,high,8800,9.362889770436468,0,0,1,1
46958,other,9069,11226,2004-03-03,2006-04-12,6,770,1.9459101490553132,0.8115075629572489,0.5904801554260338,0.6,0.5401606425702812,0,0,0,1,0.08803611738148984,0.08803611738148984,0.08803611738148984,0.08803611738148984,11.762645914396888,544.14,82246761,high,4620,9.112727543109182,0,0,1,0
49545,other,9580,11403,2001-07-28,2003-03-15,2,595,1.0986122886681098,0.45815690999132624,0.6259367194004996,0.2,0.18875502008032127,0,0,0,1,0.13544018058690746,0.13544018058690746,0.13544018058690746,0.13544018058690746,16.073825503355703,191.6,91776400,low,1190,9.167537249650874,1,0,0,0
46109,home,11062,11611,2012-09-12,2014-03-14,5,548,1.791759469228055,0.7472217363092141,0.7287676935886761,0.5,0.09437751004016064,0,0,1,0,0.0835214446952596,0.0835214446952596,0.0835214446952596,0.0835214446952596,20.14936247723133,553.1,122367844,medium,2740,9.311361486034912,0,1,0,1
38537,home,2525,10508,2003-05-29,2005-10-14,3,869,1.3862943611198906,0.5781296526357756,0.1364140993616431,0.3,0.7389558232931727,0,0,1,0,0.17155756207674944,0.17155756207674944,0.17155756207674944,0.17155756207674944,2.9022988505747125,75.75,6375625,medium,2607,7.8343923029104365,0,1,0,0
35089,credit,8576,11283,2001-03-22,2002-12-15,6,633,1.9459101490553132,0.8115075629572489,0.5562725506522342,0.6,0.26506024096385544,0,1,0,0,0.08803611738148984,0.08803611738148984,0.08803611738148984,0.08803611738148984,13.526813880126182,514.56,73547776,high,3798,9.056839480990421,0,0,1,1
49068,credit,12085,11174,2012-03-11,2014-10-17,6,950,1.9459101490553132,0.8115075629572489,0.7997502081598667,0.6,0.9016064257028112,0,1,0,0,0.08803611738148984,0.08803611738148984,0.08803611738148984,0.08803611738148984,12.707676130389064,725.1,146047225,high,5700,9.399803036921504,0,0,1,1
46958,credit,2390,11206,2012-09-28,2015-01-16,3,840,1.3862943611198906,0.5781296526357756,0.12704690535664723,0.3,0.6807228915662651,0,1,0,0,0.17155756207674944,0.17155756207674944,0.17155756207674944,0.17155756207674944,2.8418549346016646,71.7,5712100,medium,2520,7.779466967458324,0,1,0,1
48177,other,14006,11680,2009-10-27,2012-06-26,3,973,1.3862943611198906,0.5781296526357756,0.9330419095198446,0.3,0.9477911646586346,0,0,0,1,0.17155756207674944,0.17155756207674944,0.17155756207674944,0.17155756207674944,14.379876796714578,420.18,196168036,medium,2919,9.547312483639047,0,1,0,1
32961,other,2380,10918,2007-01-06,2008-08-29,7,601,2.0794415416798357,0.8671944789536634,0.12635303913405496,0.7,0.20080321285140562,0,0,0,1,0.045146726862302484,0.045146726862302484,0.045146726862302484,0.045146726862302484,3.953488372093023,166.6,5664400,high,4207,7.7752758464868625,0,0,1,1
41472,credit,1968,11438,2013-07-01,2015-05-23,1,691,0.6931471805599453,0.2890648263178878,0.09776575076325285,0.1,0.3815261044176707,0,1,0,0,0.21670428893905191,0.21670428893905191,0.21670428893905191,0.21670428893905191,2.8439306358381504,19.68,3873024,low,691,7.585281078639126,1,0,0,1
48177,credit,10830,11177,2009-06-07,2011-10-17,5,862,1.791759469228055,0.7472217363092141,0.7126699972245351,0.5,0.7248995983935743,0,1,0,0,0.0835214446952596,0.0835214446952596,0.0835214446952596,0.0835214446952596,12.549246813441483,541.5,117288900,medium,4310,9.290167671835738,0,1,0,0
35214,home,7738,10637,2003-04-09,2005-09-05,4,880,1.6094379124341003,0.6711877414712396,0.49812656119900084,0.4,0.7610441767068273,0,0,1,0,0.11512415349887133,0.11512415349887133,0.11512415349887133,0.11512415349887133,8.783200908059024,309.52,59876644,medium,3520,8.95402775927046,0,1,0,0
25707,cash,1212,10611,2010-08-17,2013-04-01,2,958,1.0986122886681098,0.45815690999132624,0.04530946433527616,0.2,0.9176706827309237,1,0,0,0,0.13544018058690746,0.13544018058690746,0.13544018058690746,0.13544018058690746,1.2638164754953076,24.24,1468944,low,1916,7.10085190894405,1,0,0,1
32726,credit,11911,10383,2004-04-23,2006-04-29,4,736,1.6094379124341003,0.6711877414712396,0.787676935886761,0.4,0.4718875502008032,0,1,0,0,0.11512415349887133,0.11512415349887133,0.11512415349887133,0.11512415349887133,16.16146540027137,476.44,141871921,medium,2944,9.385301574363845,0,1,0,0
32726,cash,14802,10436,2011-11-16,2014-06-23,3,950,1.3862943611198906,0.5781296526357756,0.9882736608381903,0.3,0.9016064257028112,1,0,0,0,0.17155756207674944,0.17155756207674944,0.17155756207674944,0.17155756207674944,15.564668769716087,444.06,219099204,medium,2850,9.602585141913492,0,1,0,1
49068,cash,1447,10386,2010-07-21,2012-11-03,0,836,0.0,0.0,0.061615320566194835,0.0,0.6726907630522089,1,0,0,0,0.09029345372460497,0.09029345372460497,0.09029345372460497,0.09029345372460497,1.7287933094384706,0.0,2093809,low,0,7.277938572945661,1,0,0,1
44387,cash,9893,10327,2007-02-27,2009-03-26,6,758,1.9459101490553132,0.8115075629572489,0.647654732167638,0.6,0.5160642570281124,1,0,0,0,0.08803611738148984,0.08803611738148984,0.08803611738148984,0.08803611738148984,13.03425559947299,593.58,97871449,high,4548,9.199683791787654,0,0,1,1
39505,credit,7162,11052,2004-07-29,2006-06-24,9,695,2.302585092994046,0.9602525677891275,0.4581598667776853,0.9,0.3895582329317269,0,1,0,0,0.029345372460496615,0.029345372460496615,0.029345372460496615,0.029345372460496615,10.290229885057471,644.58,51294244,high,6255,8.876684166614451,0,0,1,1
49068,home,7056,11668,2007-01-03,2009-07-30,2,939,1.0986122886681098,0.45815690999132624,0.4508048848182071,0.2,0.8795180722891566,0,0,1,0,0.13544018058690746,0.13544018058690746,0.13544018058690746,0.13544018058690746,7.506382978723404,141.12,49787136,low,1878,8.86177531100083,1,0,0,1
26326,home,2847,11251,2000-03-06,2001-09-26,1,569,0.6931471805599453,0.2890648263178878,0.15875659172911463,0.1,0.13654618473895583,0,0,1,0,0.21670428893905191,0.21670428893905191,0.21670428893905191,0.21670428893905191,4.994736842105263,28.47,8105409,low,569,7.954372272531867,1,0,0,1
41472,home,5095,11406,2010-04-16,2012-08-22,5,859,1.791759469228055,0.7472217363092141,0.3147377185678601,0.5,0.7188755020080321,0,0,1,0,0.0835214446952596,0.0835214446952596,0.0835214446952596,0.0835214446952596,5.924418604651163,254.75,25959025,medium,4295,8.536211197252,0,1,0,0
46109,other,4050,10828,2003-12-06,2005-08-19,4,622,1.6094379124341003,0.6711877414712396,0.24222869830696642,0.4,0.2429718875502008,0,0,0,1,0.11512415349887133,0.11512415349887133,0.11512415349887133,0.11512415349887133,6.500802568218298,162.0,16402500,medium,2488,8.30671904320269,0,1,0,1
26326,home,12760,11708,2003-12-11,2006-04-13,5,854,1.791759469228055,0.7472217363092141,0.8465861781848459,0.5,0.7088353413654619,0,0,1,0,0.0835214446952596,0.0835214446952596,0.0835214446952596,0.0835214446952596,14.923976608187134,638.0,162817600,medium,4270,9.454148923733976,0,1,0,0
39384,cash,10022,10872,2005-11-20,2007-08-20,6,638,1.9459101490553132,0.8115075629572489,0.6566056064390785,0.6,0.2751004016064257,1,0,0,0,0.08803611738148984,0.08803611738148984,0.08803611738148984,0.08803611738148984,15.683881064162755,601.32,100440484,high,3828,9.212637731024866,0,0,1,1
35214,other,4953,10908,2010-07-23,2012-05-02,0,649,0.0,0.0,0.30488481820704966,0.0,0.2971887550200803,0,0,0,1,0.09029345372460497,0.09029345372460497,0.09029345372460497,0.09029345372460497,7.62,0.0,24532209,low,0,8.507950610049305,1,0,0,1
44601,credit,5478,10355,2013-09-28,2016-01-11,4,835,1.6094379124341003,0.6711877414712396,0.3413127948931446,0.4,0.6706827309236948,0,1,0,0,0.11512415349887133,0.11512415349887133,0.11512415349887133,0.11512415349887133,6.552631578947368,219.12,30008484,medium,3340,8.608677881538416,0,1,0,1
46180,home,1607,11112,2003-02-28,2005-05-01,2,793,1.0986122886681098,0.45815690999132624,0.07271718012767138,0.2,0.5863453815261044,0,0,1,0,0.13544018058690746,0.13544018058690746,0.13544018058690746,0.13544018058690746,2.0239294710327456,32.14,2582449,low,1586,7.382746449738912,1,0,0,0
25707,home,13698,10958,2003-09-02,2006-05-23,3,994,1.3862943611198906,0.5781296526357756,0.9116708298640023,0.3,0.9899598393574297,0,0,1,0,0.17155756207674944,0.17155756207674944,0.17155756207674944,0.17155756207674944,13.76683417085427,410.94,187635204,medium,2982,9.52507811645139,0,1,0,0
46180,other,6512,10687,2010-11-06,2012-05-10,9,551,2.302585092994046,0.9602525677891275,0.4130585623091868,0.9,0.10040160642570281,0,0,0,1,0.029345372460496615,0.029345372460496615,0.029345372460496615,0.029345372460496615,11.797101449275363,586.08,42406144,high,4959,8.781555458546402,0,0,1,1
46180,credit,9221,10893,2002-07-20,2004-02-14,1,574,0.6931471805599453,0.2890648263178878,0.6010269220094365,0.1,0.1465863453815261,0,1,0,0,0.21670428893905191,0.21670428893905191,0.21670428893905191,0.21670428893905191,16.036521739130436,92.21,85026841,low,574,9.129347212766652,1,0,0,1
41480,other,4491,10511,2002-06-08,2004-08-09,3,793,1.3862943611198906,0.5781296526357756,0.2728281987232862,0.3,0.5863453815261044,0,0,0,1,0.17155756207674944,0.17155756207674944,0.17155756207674944,0.17155756207674944,5.656171284634761,134.73,20169081,medium,2379,8.410053315858335,0,1,0,1
25707,credit,11403,11649,2006-01-19,2007-09-15,5,604,1.791759469228055,0.7472217363092141,0.752428531779073,0.5,0.20682730923694778,0,1,0,0,0.0835214446952596,0.0835214446952596,0.0835214446952596,0.0835214446952596,18.84793388429752,570.15,130028409,medium,3020,9.341719450032562,0,1,0,0
41480,credit,811,11430,2009-08-02,2012-01-04,0,885,0.0,0.0,0.017485428809325562,0.0,0.7710843373493976,0,1,0,0,0.09029345372460497,0.09029345372460497,0.09029345372460497,0.09029345372460497,0.9153498871331829,0.0,657721,low,0,6.699500340161678,1,0,0,0
39505,home,13006,11390,2014-01-24,2015-11-05,5,650,1.791759469228055,0.7472217363092141,0.8636552872606161,0.5,0.2991967871485944,0,0,1,0,0.0835214446952596,0.0835214446952596,0.0835214446952596,0.0835214446952596,19.978494623655912,650.3,169156036,medium,3250,9.47324295306374,0,1,0,1
44601,home,11175,10721,2010-07-14,2012-11-06,7,846,2.0794415416798357,0.8671944789536634,0.7366083819039689,0.7,0.6927710843373494,0,0,1,0,0.045146726862302484,0.045146726862302484,0.045146726862302484,0.045146726862302484,13.193624557260922,782.25,124880625,high,5922,9.321523900936798,0,0,1,1
29841,cash,4301,10742,2005-01-15,2007-07-18,4,914,1.6094379124341003,0.6711877414712396,0.25964474049403274,0.4,0.8293172690763052,1,0,0,0,0.11512415349887133,0.11512415349887133,0.11512415349887133,0.11512415349887133,4.700546448087431,172.04,18498601,medium,3656,8.366835309827675,0,1,0,1
32726,home,3754,10049,2012-01-27,2013-09-15,3,597,1.3862943611198906,0.5781296526357756,0.2216902581182348,0.3,0.1927710843373494,0,0,1,0,0.17155756207674944,0.17155756207674944,0.17155756207674944,0.17155756207674944,6.277591973244147,112.62,14092516,medium,1791,8.230843564198235,0,1,0,1
46109,home,6935,11501,2006-09-17,2008-11-26,2,801,1.0986122886681098,0.45815690999132624,0.4424091035248404,0.2,0.6024096385542169,0,0,1,0,0.13544018058690746,0.13544018058690746,0.13544018058690746,0.13544018058690746,8.647132169576059,138.7,48094225,low,1602,8.844480518460378,1,0,0,0
39505,cash,3351,10763,2004-07-19,2006-04-14,1,634,0.6931471805599453,0.2890648263178878,0.19372744934776576,0.1,0.26706827309236947,1,0,0,0,0.21670428893905191,0.21670428893905191,0.21670428893905191,0.21670428893905191,5.277165354330709,33.51,11229201,low,634,8.117312461601975,1,0,0,0
44601,home,12571,10429,2003-04-15,2005-07-05,7,812,2.0794415416798357,0.8671944789536634,0.8334721065778518,0.7,0.6244979919678715,0,0,1,0,0.045146726862302484,0.045146726862302484,0.045146726862302484,0.045146726862302484,15.46248462484625,879.97,158030041,high,5684,9.439227397917458,0,0,1,1
38537,other,14639,11871,2012-08-19,2014-12-11,3,844,1.3862943611198906,0.5781296526357756,0.9769636414099362,0.3,0.6887550200803213,0,0,0,1,0.17155756207674944,0.17155756207674944,0.17155756207674944,0.17155756207674944,17.324260355029587,439.17,214300321,medium,2532,9.591512787515303,0,1,0,0
49624,cash,13221,11581,2003-05-07,2006-01-06,4,975,1.6094379124341003,0.6711877414712396,0.8785734110463502,0.4,0.9518072289156626,1,0,0,0,0.11512415349887133,0.11512415349887133,0.11512415349887133,0.11512415349887133,13.54610655737705,528.84,174794841,medium,3900,9.489637387893524,0,1,0,1
49624,credit,11219,11132,2013-08-12,2016-03-15,4,946,1.6094379124341003,0.6711877414712396,0.739661393283375,0.4,0.893574297188755,0,1,0,0,0.11512415349887133,0.11512415349887133,0.11512415349887133,0.11512415349887133,11.84688489968321,448.76,125865961,medium,3784,9.325453179076687,0,1,0,1
44601,other,5085,11363,2002-04-13,2004-03-18,3,705,1.3862943611198906,0.5781296526357756,0.3140438523452678,0.3,0.40963855421686746,0,0,0,1,0.17155756207674944,0.17155756207674944,0.17155756207674944,0.17155756207674944,7.2025495750708215,152.55,25857225,medium,2115,8.534246945982066,0,1,0,0
41480,home,11154,10991,2014-08-29,2016-06-11,6,652,1.9459101490553132,0.8115075629572489,0.7351512628365251,0.6,0.3032128514056225,0,0,1,0,0.08803611738148984,0.08803611738148984,0.08803611738148984,0.08803611738148984,17.081163859111793,669.24,124411716,high,3912,9.319643106866632,0,0,1,1
